./Caltech/0051456/session_1/anat_1/Caltech_0051456_brain_seg.nii.gz,1718834.000000
./Caltech/0051457/session_1/anat_1/Caltech_0051457_brain_seg.nii.gz,1840341.000000
./Caltech/0051458/session_1/anat_1/Caltech_0051458_brain_seg.nii.gz,1638925.000000
./Caltech/0051459/session_1/anat_1/Caltech_0051459_brain_seg.nii.gz,1654247.000000
./Caltech/0051460/session_1/anat_1/Caltech_0051460_brain_seg.nii.gz,1522946.000000
./Caltech/0051461/session_1/anat_1/Caltech_0051461_brain_seg.nii.gz,1690392.000000
./Caltech/0051462/session_1/anat_1/Caltech_0051462_brain_seg.nii.gz,1835256.000000
./Caltech/0051463/session_1/anat_1/Caltech_0051463_brain_seg.nii.gz,1738719.000000
./Caltech/0051464/session_1/anat_1/Caltech_0051464_brain_seg.nii.gz,2093175.000000
./Caltech/0051465/session_1/anat_1/Caltech_0051465_brain_seg.nii.gz,1512905.375000
./Caltech/0051466/session_1/anat_1/Caltech_0051466_brain_seg.nii.gz,1621995.000000
./Caltech/0051467/session_1/anat_1/Caltech_0051467_brain_seg.nii.gz,1740112.000000
./Caltech/0051468/session_1/anat_1/Caltech_0051468_brain_seg.nii.gz,1852343.000000
./Caltech/0051469/session_1/anat_1/Caltech_0051469_brain_seg.nii.gz,1737898.000000
./Caltech/0051470/session_1/anat_1/Caltech_0051470_brain_seg.nii.gz,1917587.000000
./Caltech/0051471/session_1/anat_1/Caltech_0051471_brain_seg.nii.gz,1308718.000000
./Caltech/0051472/session_1/anat_1/Caltech_0051472_brain_seg.nii.gz,1950845.000000
./Caltech/0051473/session_1/anat_1/Caltech_0051473_brain_seg.nii.gz,1633889.000000
./Caltech/0051474/session_1/anat_1/Caltech_0051474_brain_seg.nii.gz,1737671.000000
./Caltech/0051475/session_1/anat_1/Caltech_0051475_brain_seg.nii.gz,1786003.000000
./Caltech/0051476/session_1/anat_1/Caltech_0051476_brain_seg.nii.gz,1734575.000000
./Caltech/0051477/session_1/anat_1/Caltech_0051477_brain_seg.nii.gz,1436900.000000
./Caltech/0051478/session_1/anat_1/Caltech_0051478_brain_seg.nii.gz,1682392.000000
./Caltech/0051479/session_1/anat_1/Caltech_0051479_brain_seg.nii.gz,1380648.000000
./Caltech/0051480/session_1/anat_1/Caltech_0051480_brain_seg.nii.gz,1345368.000000
./Caltech/0051481/session_1/anat_1/Caltech_0051481_brain_seg.nii.gz,1616969.000000
./Caltech/0051482/session_1/anat_1/Caltech_0051482_brain_seg.nii.gz,1436151.000000
./Caltech/0051483/session_1/anat_1/Caltech_0051483_brain_seg.nii.gz,1671789.000000
./Caltech/0051484/session_1/anat_1/Caltech_0051484_brain_seg.nii.gz,1607564.000000
./Caltech/0051485/session_1/anat_1/Caltech_0051485_brain_seg.nii.gz,1733145.000000
./Caltech/0051486/session_1/anat_1/Caltech_0051486_brain_seg.nii.gz,1731742.000000
./Caltech/0051487/session_1/anat_1/Caltech_0051487_brain_seg.nii.gz,1482527.000000
./Caltech/0051488/session_1/anat_1/Caltech_0051488_brain_seg.nii.gz,1385220.000000
./Caltech/0051489/session_1/anat_1/Caltech_0051489_brain_seg.nii.gz,1656839.000000
./Caltech/0051490/session_1/anat_1/Caltech_0051490_brain_seg.nii.gz,1601953.000000
./Caltech/0051491/session_1/anat_1/Caltech_0051491_brain_seg.nii.gz,1518815.000000
./Caltech/0051492/session_1/anat_1/Caltech_0051492_brain_seg.nii.gz,1761233.000000
./Caltech/0051493/session_1/anat_1/Caltech_0051493_brain_seg.nii.gz,1532844.000000
./CMU_a/0050642/session_1/anat_1/CMU_a_0050642_brain_seg.nii.gz,1530268.000000
./CMU_a/0050646/session_1/anat_1/CMU_a_0050646_brain_seg.nii.gz,1709047.000000
./CMU_a/0050647/session_1/anat_1/CMU_a_0050647_brain_seg.nii.gz,1340567.000000
./CMU_a/0050649/session_1/anat_1/CMU_a_0050649_brain_seg.nii.gz,1532382.000000
./CMU_a/0050653/session_1/anat_1/CMU_a_0050653_brain_seg.nii.gz,1683612.000000
./CMU_a/0050654/session_1/anat_1/CMU_a_0050654_brain_seg.nii.gz,1528819.000000
./CMU_a/0050656/session_1/anat_1/CMU_a_0050656_brain_seg.nii.gz,1284097.000000
./CMU_a/0050659/session_1/anat_1/CMU_a_0050659_brain_seg.nii.gz,1697644.000000
./CMU_a/0050660/session_1/anat_1/CMU_a_0050660_brain_seg.nii.gz,1508587.000000
./CMU_a/0050663/session_1/anat_1/CMU_a_0050663_brain_seg.nii.gz,1560937.000000
./CMU_a/0050664/session_1/anat_1/CMU_a_0050664_brain_seg.nii.gz,1399062.000000
./CMU_a/0050665/session_1/anat_1/CMU_a_0050665_brain_seg.nii.gz,1370408.000000
./CMU_a/0050666/session_1/anat_1/CMU_a_0050666_brain_seg.nii.gz,1766403.000000
./CMU_a/0050668/session_1/anat_1/CMU_a_0050668_brain_seg.nii.gz,1388100.000000
./CMU_b/0050643/session_1/anat_1/CMU_b_0050643_brain_seg.nii.gz,1427646.000000
./CMU_b/0050644/session_1/anat_1/CMU_b_0050644_brain_seg.nii.gz,1406861.000000
./CMU_b/0050645/session_1/anat_1/CMU_b_0050645_brain_seg.nii.gz,1494116.000000
./CMU_b/0050648/session_1/anat_1/CMU_b_0050648_brain_seg.nii.gz,1306240.000000
./CMU_b/0050650/session_1/anat_1/CMU_b_0050650_brain_seg.nii.gz,1152015.000000
./CMU_b/0050651/session_1/anat_1/CMU_b_0050651_brain_seg.nii.gz,1742394.000000
./CMU_b/0050652/session_1/anat_1/CMU_b_0050652_brain_seg.nii.gz,1596233.000000
./CMU_b/0050655/session_1/anat_1/CMU_b_0050655_brain_seg.nii.gz,1722359.000000
./CMU_b/0050657/session_1/anat_1/CMU_b_0050657_brain_seg.nii.gz,1656791.000000
./CMU_b/0050658/session_1/anat_1/CMU_b_0050658_brain_seg.nii.gz,1684593.000000
./CMU_b/0050661/session_1/anat_1/CMU_b_0050661_brain_seg.nii.gz,1322235.000000
./CMU_b/0050667/session_1/anat_1/CMU_b_0050667_brain_seg.nii.gz,1476947.000000
./CMU_b/0050669/session_1/anat_1/CMU_b_0050669_brain_seg.nii.gz,1487285.000000
./KKI/0050797/session_1/anat_1/KKI_0050797_brain_seg.nii.gz,1497489.750000
./KKI/0050772/session_1/anat_1/KKI_0050772_brain_seg.nii.gz,1615782.875000
./KKI/0050773/session_1/anat_1/KKI_0050773_brain_seg.nii.gz,1555030.875000
./KKI/0050774/session_1/anat_1/KKI_0050774_brain_seg.nii.gz,1578623.375000
./KKI/0050775/session_1/anat_1/KKI_0050775_brain_seg.nii.gz,1641723.000000
./KKI/0050776/session_1/anat_1/KKI_0050776_brain_seg.nii.gz,1351008.625000
./KKI/0050777/session_1/anat_1/KKI_0050777_brain_seg.nii.gz,1623699.500000
./KKI/0050778/session_1/anat_1/KKI_0050778_brain_seg.nii.gz,1273077.375000
./KKI/0050779/session_1/anat_1/KKI_0050779_brain_seg.nii.gz,1391811.000000
./KKI/0050780/session_1/anat_1/KKI_0050780_brain_seg.nii.gz,1456106.000000
./KKI/0050781/session_1/anat_1/KKI_0050781_brain_seg.nii.gz,1464052.500000
./KKI/0050782/session_1/anat_1/KKI_0050782_brain_seg.nii.gz,1401642.000000
./KKI/0050783/session_1/anat_1/KKI_0050783_brain_seg.nii.gz,1340647.750000
./KKI/0050784/session_1/anat_1/KKI_0050784_brain_seg.nii.gz,1306011.750000
./KKI/0050785/session_1/anat_1/KKI_0050785_brain_seg.nii.gz,1464454.750000
./KKI/0050786/session_1/anat_1/KKI_0050786_brain_seg.nii.gz,1456486.125000
./KKI/0050787/session_1/anat_1/KKI_0050787_brain_seg.nii.gz,1456687.625000
./KKI/0050788/session_1/anat_1/KKI_0050788_brain_seg.nii.gz,1450756.000000
./KKI/0050789/session_1/anat_1/KKI_0050789_brain_seg.nii.gz,1592788.250000
./KKI/0050790/session_1/anat_1/KKI_0050790_brain_seg.nii.gz,1274143.875000
./KKI/0050791/session_1/anat_1/KKI_0050791_brain_seg.nii.gz,1652057.500000
./KKI/0050792/session_1/anat_1/KKI_0050792_brain_seg.nii.gz,1573047.625000
./KKI/0050793/session_1/anat_1/KKI_0050793_brain_seg.nii.gz,1312658.125000
./KKI/0050794/session_1/anat_1/KKI_0050794_brain_seg.nii.gz,1405120.125000
./KKI/0050795/session_1/anat_1/KKI_0050795_brain_seg.nii.gz,1486964.500000
./KKI/0050796/session_1/anat_1/KKI_0050796_brain_seg.nii.gz,1364307.000000
./KKI/0050798/session_1/anat_1/KKI_0050798_brain_seg.nii.gz,1603887.875000
./KKI/0050799/session_1/anat_1/KKI_0050799_brain_seg.nii.gz,1455128.375000
./KKI/0050800/session_1/anat_1/KKI_0050800_brain_seg.nii.gz,1951956.000000
./KKI/0050801/session_1/anat_1/KKI_0050801_brain_seg.nii.gz,1414734.875000
./KKI/0050802/session_1/anat_1/KKI_0050802_brain_seg.nii.gz,1435474.750000
./KKI/0050803/session_1/anat_1/KKI_0050803_brain_seg.nii.gz,1531753.250000
./KKI/0050804/session_1/anat_1/KKI_0050804_brain_seg.nii.gz,1545661.500000
./KKI/0050805/session_1/anat_1/KKI_0050805_brain_seg.nii.gz,1543381.375000
./KKI/0050806/session_1/anat_1/KKI_0050806_brain_seg.nii.gz,1335455.625000
./KKI/0050807/session_1/anat_1/KKI_0050807_brain_seg.nii.gz,1500996.875000
./KKI/0050808/session_1/anat_1/KKI_0050808_brain_seg.nii.gz,1504147.500000
./KKI/0050809/session_1/anat_1/KKI_0050809_brain_seg.nii.gz,1547191.125000
./KKI/0050810/session_1/anat_1/KKI_0050810_brain_seg.nii.gz,1470414.875000
./KKI/0050811/session_1/anat_1/KKI_0050811_brain_seg.nii.gz,1681542.125000
./KKI/0050812/session_1/anat_1/KKI_0050812_brain_seg.nii.gz,1349943.125000
./KKI/0050813/session_1/anat_1/KKI_0050813_brain_seg.nii.gz,1282015.000000
./KKI/0050814/session_1/anat_1/KKI_0050814_brain_seg.nii.gz,1624627.375000
./KKI/0050815/session_1/anat_1/KKI_0050815_brain_seg.nii.gz,1508329.875000
./KKI/0050816/session_1/anat_1/KKI_0050816_brain_seg.nii.gz,1375893.000000
./KKI/0050817/session_1/anat_1/KKI_0050817_brain_seg.nii.gz,1489123.875000
./KKI/0050818/session_1/anat_1/KKI_0050818_brain_seg.nii.gz,1318671.000000
./KKI/0050819/session_1/anat_1/KKI_0050819_brain_seg.nii.gz,1445503.625000
./KKI/0050820/session_1/anat_1/KKI_0050820_brain_seg.nii.gz,1469471.375000
./KKI/0050821/session_1/anat_1/KKI_0050821_brain_seg.nii.gz,1336709.000000
./KKI/0050822/session_1/anat_1/KKI_0050822_brain_seg.nii.gz,1390473.375000
./KKI/0050823/session_1/anat_1/KKI_0050823_brain_seg.nii.gz,1456655.125000
./KKI/0050824/session_1/anat_1/KKI_0050824_brain_seg.nii.gz,1618191.500000
./KKI/0050825/session_1/anat_1/KKI_0050825_brain_seg.nii.gz,1595697.250000
./KKI/0050826/session_1/anat_1/KKI_0050826_brain_seg.nii.gz,1525914.875000
./Leuven_1/0050682/session_1/anat_1/Leuven_1_0050682_brain_seg.nii.gz,1457712.375000
./Leuven_1/0050683/session_1/anat_1/Leuven_1_0050683_brain_seg.nii.gz,1566355.875000
./Leuven_1/0050685/session_1/anat_1/Leuven_1_0050685_brain_seg.nii.gz,1679490.500000
./Leuven_1/0050686/session_1/anat_1/Leuven_1_0050686_brain_seg.nii.gz,1337601.000000
./Leuven_1/0050687/session_1/anat_1/Leuven_1_0050687_brain_seg.nii.gz,1693883.875000
./Leuven_1/0050688/session_1/anat_1/Leuven_1_0050688_brain_seg.nii.gz,1449994.500000
./Leuven_1/0050689/session_1/anat_1/Leuven_1_0050689_brain_seg.nii.gz,1655554.375000
./Leuven_1/0050690/session_1/anat_1/Leuven_1_0050690_brain_seg.nii.gz,1409826.375000
./Leuven_1/0050691/session_1/anat_1/Leuven_1_0050691_brain_seg.nii.gz,1628307.750000
./Leuven_1/0050692/session_1/anat_1/Leuven_1_0050692_brain_seg.nii.gz,1787224.250000
./Leuven_1/0050693/session_1/anat_1/Leuven_1_0050693_brain_seg.nii.gz,1436107.250000
./Leuven_1/0050694/session_1/anat_1/Leuven_1_0050694_brain_seg.nii.gz,1611354.250000
./Leuven_1/0050695/session_1/anat_1/Leuven_1_0050695_brain_seg.nii.gz,1705432.125000
./Leuven_1/0050696/session_1/anat_1/Leuven_1_0050696_brain_seg.nii.gz,1607480.375000
./Leuven_1/0050697/session_1/anat_1/Leuven_1_0050697_brain_seg.nii.gz,1321498.500000
./Leuven_1/0050698/session_1/anat_1/Leuven_1_0050698_brain_seg.nii.gz,1665867.750000
./Leuven_1/0050699/session_1/anat_1/Leuven_1_0050699_brain_seg.nii.gz,1614525.875000
./Leuven_1/0050700/session_1/anat_1/Leuven_1_0050700_brain_seg.nii.gz,1461463.750000
./Leuven_1/0050701/session_1/anat_1/Leuven_1_0050701_brain_seg.nii.gz,1421705.625000
./Leuven_1/0050702/session_1/anat_1/Leuven_1_0050702_brain_seg.nii.gz,1804646.375000
./Leuven_1/0050703/session_1/anat_1/Leuven_1_0050703_brain_seg.nii.gz,1569281.250000
./Leuven_1/0050704/session_1/anat_1/Leuven_1_0050704_brain_seg.nii.gz,1760898.750000
./Leuven_1/0050705/session_1/anat_1/Leuven_1_0050705_brain_seg.nii.gz,1489658.625000
./Leuven_1/0050706/session_1/anat_1/Leuven_1_0050706_brain_seg.nii.gz,1502373.000000
./Leuven_1/0050707/session_1/anat_1/Leuven_1_0050707_brain_seg.nii.gz,1429242.625000
./Leuven_1/0050708/session_1/anat_1/Leuven_1_0050708_brain_seg.nii.gz,1481676.125000
./Leuven_1/0050709/session_1/anat_1/Leuven_1_0050709_brain_seg.nii.gz,1618476.625000
./Leuven_1/0050710/session_1/anat_1/Leuven_1_0050710_brain_seg.nii.gz,1562008.750000
./Leuven_1/0050711/session_1/anat_1/Leuven_1_0050711_brain_seg.nii.gz,1489648.250000
./Leuven_2/0050722/session_1/anat_1/Leuven_2_0050722_brain_seg.nii.gz,1463819.750000
./Leuven_2/0050723/session_1/anat_1/Leuven_2_0050723_brain_seg.nii.gz,1413161.875000
./Leuven_2/0050724/session_1/anat_1/Leuven_2_0050724_brain_seg.nii.gz,1718614.000000
./Leuven_2/0050725/session_1/anat_1/Leuven_2_0050725_brain_seg.nii.gz,1628886.125000
./Leuven_2/0050726/session_1/anat_1/Leuven_2_0050726_brain_seg.nii.gz,1630406.250000
./Leuven_2/0050727/session_1/anat_1/Leuven_2_0050727_brain_seg.nii.gz,1465817.500000
./Leuven_2/0050728/session_1/anat_1/Leuven_2_0050728_brain_seg.nii.gz,1393727.375000
./Leuven_2/0050730/session_1/anat_1/Leuven_2_0050730_brain_seg.nii.gz,1416963.625000
./Leuven_2/0050731/session_1/anat_1/Leuven_2_0050731_brain_seg.nii.gz,1604293.750000
./Leuven_2/0050732/session_1/anat_1/Leuven_2_0050732_brain_seg.nii.gz,1733012.000000
./Leuven_2/0050733/session_1/anat_1/Leuven_2_0050733_brain_seg.nii.gz,1503862.000000
./Leuven_2/0050734/session_1/anat_1/Leuven_2_0050734_brain_seg.nii.gz,1436037.375000
./Leuven_2/0050735/session_1/anat_1/Leuven_2_0050735_brain_seg.nii.gz,1254893.750000
./Leuven_2/0050736/session_1/anat_1/Leuven_2_0050736_brain_seg.nii.gz,1327546.375000
./Leuven_2/0050737/session_1/anat_1/Leuven_2_0050737_brain_seg.nii.gz,1691888.625000
./Leuven_2/0050738/session_1/anat_1/Leuven_2_0050738_brain_seg.nii.gz,1621254.250000
./Leuven_2/0050739/session_1/anat_1/Leuven_2_0050739_brain_seg.nii.gz,1754990.625000
./Leuven_2/0050740/session_1/anat_1/Leuven_2_0050740_brain_seg.nii.gz,1641472.375000
./Leuven_2/0050741/session_1/anat_1/Leuven_2_0050741_brain_seg.nii.gz,1648312.875000
./Leuven_2/0050742/session_1/anat_1/Leuven_2_0050742_brain_seg.nii.gz,1569127.875000
./Leuven_2/0050743/session_1/anat_1/Leuven_2_0050743_brain_seg.nii.gz,1333815.250000
./Leuven_2/0050744/session_1/anat_1/Leuven_2_0050744_brain_seg.nii.gz,1461086.875000
./Leuven_2/0050745/session_1/anat_1/Leuven_2_0050745_brain_seg.nii.gz,1497108.500000
./Leuven_2/0050746/session_1/anat_1/Leuven_2_0050746_brain_seg.nii.gz,1419302.625000
./Leuven_2/0050747/session_1/anat_1/Leuven_2_0050747_brain_seg.nii.gz,1578329.125000
./Leuven_2/0050748/session_1/anat_1/Leuven_2_0050748_brain_seg.nii.gz,1513147.000000
./Leuven_2/0050749/session_1/anat_1/Leuven_2_0050749_brain_seg.nii.gz,1438862.125000
./Leuven_2/0050750/session_1/anat_1/Leuven_2_0050750_brain_seg.nii.gz,1525402.000000
./Leuven_2/0050751/session_1/anat_1/Leuven_2_0050751_brain_seg.nii.gz,1378244.500000
./Leuven_2/0050752/session_1/anat_1/Leuven_2_0050752_brain_seg.nii.gz,1561049.000000
./Leuven_2/0050753/session_1/anat_1/Leuven_2_0050753_brain_seg.nii.gz,1612020.875000
./Leuven_2/0050754/session_1/anat_1/Leuven_2_0050754_brain_seg.nii.gz,1666543.500000
./Leuven_2/0050755/session_1/anat_1/Leuven_2_0050755_brain_seg.nii.gz,1500535.625000
./Leuven_2/0050756/session_1/anat_1/Leuven_2_0050756_brain_seg.nii.gz,1718198.125000
./Leuven_2/0050757/session_1/anat_1/Leuven_2_0050757_brain_seg.nii.gz,1335424.625000
./MaxMun_a/0051318/session_1/anat_1/MaxMun_a_0051318_brain_seg.nii.gz,1545580.000000
./MaxMun_a/0051319/session_1/anat_1/MaxMun_a_0051319_brain_seg.nii.gz,1538466.000000
./MaxMun_a/0051320/session_1/anat_1/MaxMun_a_0051320_brain_seg.nii.gz,1518257.000000
./MaxMun_a/0051321/session_1/anat_1/MaxMun_a_0051321_brain_seg.nii.gz,1373060.000000
./MaxMun_a/0051362/session_1/anat_1/MaxMun_a_0051362_brain_seg.nii.gz,1318040.000000
./MaxMun_a/0051363/session_1/anat_1/MaxMun_a_0051363_brain_seg.nii.gz,1283768.000000
./MaxMun_a/0051364/session_1/anat_1/MaxMun_a_0051364_brain_seg.nii.gz,1545909.000000
./MaxMun_a/0051365/session_1/anat_1/MaxMun_a_0051365_brain_seg.nii.gz,1338585.000000
./MaxMun_a/0051366/session_1/anat_1/MaxMun_a_0051366_brain_seg.nii.gz,1607144.000000
./MaxMun_a/0051367/session_1/anat_1/MaxMun_a_0051367_brain_seg.nii.gz,1468671.000000
./MaxMun_a/0051368/session_1/anat_1/MaxMun_a_0051368_brain_seg.nii.gz,1467209.000000
./MaxMun_a/0051369/session_1/anat_1/MaxMun_a_0051369_brain_seg.nii.gz,1561872.000000
./MaxMun_a/0051370/session_1/anat_1/MaxMun_a_0051370_brain_seg.nii.gz,1616745.000000
./MaxMun_a/0051371/session_1/anat_1/MaxMun_a_0051371_brain_seg.nii.gz,1437594.000000
./MaxMun_a/0051372/session_1/anat_1/MaxMun_a_0051372_brain_seg.nii.gz,1318456.000000
./MaxMun_a/0051373/session_1/anat_1/MaxMun_a_0051373_brain_seg.nii.gz,1740570.000000
./MaxMun_a/0051606/session_1/anat_1/MaxMun_a_0051606_brain_seg.nii.gz,1380258.000000
./MaxMun_a/0051607/session_1/anat_1/MaxMun_a_0051607_brain_seg.nii.gz,1561447.000000
./MaxMun_b/0051322/session_1/anat_1/MaxMun_b_0051322_brain_seg.nii.gz,1375293.000000
./MaxMun_b/0051323/session_1/anat_1/MaxMun_b_0051323_brain_seg.nii.gz,1596538.000000
./MaxMun_b/0051324/session_1/anat_1/MaxMun_b_0051324_brain_seg.nii.gz,1372671.000000
./MaxMun_b/0051325/session_1/anat_1/MaxMun_b_0051325_brain_seg.nii.gz,1288472.000000
./MaxMun_b/0051326/session_1/anat_1/MaxMun_b_0051326_brain_seg.nii.gz,1549448.000000
./MaxMun_b/0051327/session_1/anat_1/MaxMun_b_0051327_brain_seg.nii.gz,1598254.000000
./MaxMun_c/0051328/session_1/anat_1/MaxMun_c_0051328_brain_seg.nii.gz,1714392.000000
./MaxMun_c/0051332/session_1/anat_1/MaxMun_c_0051332_brain_seg.nii.gz,1851485.250000
./MaxMun_c/0051333/session_1/anat_1/MaxMun_c_0051333_brain_seg.nii.gz,1547494.875000
./MaxMun_c/0051334/session_1/anat_1/MaxMun_c_0051334_brain_seg.nii.gz,1723963.750000
./MaxMun_c/0051335/session_1/anat_1/MaxMun_c_0051335_brain_seg.nii.gz,1429134.375000
./MaxMun_c/0051336/session_1/anat_1/MaxMun_c_0051336_brain_seg.nii.gz,1588985.500000
./MaxMun_c/0051338/session_1/anat_1/MaxMun_c_0051338_brain_seg.nii.gz,1408378.000000
./MaxMun_c/0051339/session_1/anat_1/MaxMun_c_0051339_brain_seg.nii.gz,1639271.000000
./MaxMun_c/0051340/session_1/anat_1/MaxMun_c_0051340_brain_seg.nii.gz,1504958.000000
./MaxMun_c/0051341/session_1/anat_1/MaxMun_c_0051341_brain_seg.nii.gz,1466587.000000
./MaxMun_c/0051342/session_1/anat_1/MaxMun_c_0051342_brain_seg.nii.gz,1509587.000000
./MaxMun_c/0051343/session_1/anat_1/MaxMun_c_0051343_brain_seg.nii.gz,1547540.000000
./MaxMun_c/0051344/session_1/anat_1/MaxMun_c_0051344_brain_seg.nii.gz,1576006.000000
./MaxMun_c/0051345/session_1/anat_1/MaxMun_c_0051345_brain_seg.nii.gz,1327624.000000
./MaxMun_c/0051346/session_1/anat_1/MaxMun_c_0051346_brain_seg.nii.gz,1427929.000000
./MaxMun_c/0051347/session_1/anat_1/MaxMun_c_0051347_brain_seg.nii.gz,1555608.000000
./MaxMun_c/0051348/session_1/anat_1/MaxMun_c_0051348_brain_seg.nii.gz,1458806.000000
./MaxMun_d/0051329/session_1/anat_1/MaxMun_d_0051329_brain_seg.nii.gz,1639864.000000
./MaxMun_d/0051330/session_1/anat_1/MaxMun_d_0051330_brain_seg.nii.gz,1571631.000000
./MaxMun_d/0051331/session_1/anat_1/MaxMun_d_0051331_brain_seg.nii.gz,1578270.000000
./MaxMun_d/0051349/session_1/anat_1/MaxMun_d_0051349_brain_seg.nii.gz,1415006.000000
./MaxMun_d/0051350/session_1/anat_1/MaxMun_d_0051350_brain_seg.nii.gz,1527435.000000
./MaxMun_d/0051351/session_1/anat_1/MaxMun_d_0051351_brain_seg.nii.gz,1443227.000000
./MaxMun_d/0051352/session_1/anat_1/MaxMun_d_0051352_brain_seg.nii.gz,1433480.000000
./MaxMun_d/0051353/session_1/anat_1/MaxMun_d_0051353_brain_seg.nii.gz,1459616.000000
./MaxMun_d/0051354/session_1/anat_1/MaxMun_d_0051354_brain_seg.nii.gz,1366951.000000
./MaxMun_d/0051355/session_1/anat_1/MaxMun_d_0051355_brain_seg.nii.gz,1333222.000000
./MaxMun_d/0051356/session_1/anat_1/MaxMun_d_0051356_brain_seg.nii.gz,1584579.000000
./MaxMun_d/0051357/session_1/anat_1/MaxMun_d_0051357_brain_seg.nii.gz,1440139.000000
./MaxMun_d/0051358/session_1/anat_1/MaxMun_d_0051358_brain_seg.nii.gz,1316587.000000
./MaxMun_d/0051359/session_1/anat_1/MaxMun_d_0051359_brain_seg.nii.gz,1603353.000000
./MaxMun_d/0051360/session_1/anat_1/MaxMun_d_0051360_brain_seg.nii.gz,1541011.000000
./MaxMun_d/0051361/session_1/anat_1/MaxMun_d_0051361_brain_seg.nii.gz,1555218.000000
./NYU/0050952/session_1/anat_1/NYU_0050952_brain_seg.nii.gz,1416769.875000
./NYU/0050953/session_1/anat_1/NYU_0050953_brain_seg.nii.gz,1388714.750000
./NYU/0050954/session_1/anat_1/NYU_0050954_brain_seg.nii.gz,1162634.375000
./NYU/0050955/session_1/anat_1/NYU_0050955_brain_seg.nii.gz,1300799.000000
./NYU/0050956/session_1/anat_1/NYU_0050956_brain_seg.nii.gz,1200748.250000
./NYU/0050957/session_1/anat_1/NYU_0050957_brain_seg.nii.gz,1215431.500000
./NYU/0050958/session_1/anat_1/NYU_0050958_brain_seg.nii.gz,1188568.125000
./NYU/0050959/session_1/anat_1/NYU_0050959_brain_seg.nii.gz,1186892.125000
./NYU/0050960/session_1/anat_1/NYU_0050960_brain_seg.nii.gz,1414165.625000
./NYU/0050961/session_1/anat_1/NYU_0050961_brain_seg.nii.gz,1134660.500000
./NYU/0050962/session_1/anat_1/NYU_0050962_brain_seg.nii.gz,1109399.750000
./NYU/0050964/session_1/anat_1/NYU_0050964_brain_seg.nii.gz,1371478.000000
./NYU/0050965/session_1/anat_1/NYU_0050965_brain_seg.nii.gz,1500174.250000
./NYU/0050966/session_1/anat_1/NYU_0050966_brain_seg.nii.gz,1543656.000000
./NYU/0050967/session_1/anat_1/NYU_0050967_brain_seg.nii.gz,1266346.625000
./NYU/0050968/session_1/anat_1/NYU_0050968_brain_seg.nii.gz,1461227.750000
./NYU/0050969/session_1/anat_1/NYU_0050969_brain_seg.nii.gz,1226165.500000
./NYU/0050970/session_1/anat_1/NYU_0050970_brain_seg.nii.gz,1527127.250000
./NYU/0050971/session_1/anat_1/NYU_0050971_brain_seg.nii.gz,1381591.250000
./NYU/0050972/session_1/anat_1/NYU_0050972_brain_seg.nii.gz,1889725.125000
./NYU/0050973/session_1/anat_1/NYU_0050973_brain_seg.nii.gz,1445700.000000
./NYU/0050974/session_1/anat_1/NYU_0050974_brain_seg.nii.gz,1370757.250000
./NYU/0050975/session_1/anat_1/NYU_0050975_brain_seg.nii.gz,1370703.875000
./NYU/0050976/session_1/anat_1/NYU_0050976_brain_seg.nii.gz,1463617.750000
./NYU/0050977/session_1/anat_1/NYU_0050977_brain_seg.nii.gz,1519977.250000
./NYU/0050978/session_1/anat_1/NYU_0050978_brain_seg.nii.gz,1401246.000000
./NYU/0050979/session_1/anat_1/NYU_0050979_brain_seg.nii.gz,1590649.000000
./NYU/0050980/session_1/anat_1/NYU_0050980_brain_seg.nii.gz,1346712.000000
./NYU/0050981/session_1/anat_1/NYU_0050981_brain_seg.nii.gz,1445858.250000
./NYU/0050982/session_1/anat_1/NYU_0050982_brain_seg.nii.gz,1488445.000000
./NYU/0050983/session_1/anat_1/NYU_0050983_brain_seg.nii.gz,1545483.375000
./NYU/0050984/session_1/anat_1/NYU_0050984_brain_seg.nii.gz,1484796.750000
./NYU/0050985/session_1/anat_1/NYU_0050985_brain_seg.nii.gz,1651604.250000
./NYU/0050986/session_1/anat_1/NYU_0050986_brain_seg.nii.gz,1320226.375000
./NYU/0050987/session_1/anat_1/NYU_0050987_brain_seg.nii.gz,1402105.250000
./NYU/0050988/session_1/anat_1/NYU_0050988_brain_seg.nii.gz,1401645.000000
./NYU/0050989/session_1/anat_1/NYU_0050989_brain_seg.nii.gz,1445291.750000
./NYU/0051028/session_1/anat_1/NYU_0051028_brain_seg.nii.gz,1445948.375000
./NYU/0051029/session_1/anat_1/NYU_0051029_brain_seg.nii.gz,1468501.625000
./NYU/0051030/session_1/anat_1/NYU_0051030_brain_seg.nii.gz,1504398.375000
./NYU/0051032/session_1/anat_1/NYU_0051032_brain_seg.nii.gz,1244002.125000
./NYU/0051033/session_1/anat_1/NYU_0051033_brain_seg.nii.gz,1341918.625000
./NYU/0051034/session_1/anat_1/NYU_0051034_brain_seg.nii.gz,1443037.000000
./NYU/0051035/session_1/anat_1/NYU_0051035_brain_seg.nii.gz,1441888.250000
./NYU/0051036/session_1/anat_1/NYU_0051036_brain_seg.nii.gz,1269006.625000
./NYU/0051038/session_1/anat_1/NYU_0051038_brain_seg.nii.gz,1454791.875000
./NYU/0051039/session_1/anat_1/NYU_0051039_brain_seg.nii.gz,1254560.125000
./NYU/0051040/session_1/anat_1/NYU_0051040_brain_seg.nii.gz,1320834.125000
./NYU/0051041/session_1/anat_1/NYU_0051041_brain_seg.nii.gz,1181424.625000
./NYU/0051042/session_1/anat_1/NYU_0051042_brain_seg.nii.gz,1184386.625000
./NYU/0051044/session_1/anat_1/NYU_0051044_brain_seg.nii.gz,1512637.625000
./NYU/0051045/session_1/anat_1/NYU_0051045_brain_seg.nii.gz,1329594.875000
./NYU/0051046/session_1/anat_1/NYU_0051046_brain_seg.nii.gz,1281419.500000
./NYU/0051047/session_1/anat_1/NYU_0051047_brain_seg.nii.gz,1352311.250000
./NYU/0051048/session_1/anat_1/NYU_0051048_brain_seg.nii.gz,1502759.125000
./NYU/0051049/session_1/anat_1/NYU_0051049_brain_seg.nii.gz,1358964.000000
./NYU/0051050/session_1/anat_1/NYU_0051050_brain_seg.nii.gz,1243639.500000
./NYU/0051051/session_1/anat_1/NYU_0051051_brain_seg.nii.gz,1195856.500000
./NYU/0051052/session_1/anat_1/NYU_0051052_brain_seg.nii.gz,1290347.125000
./NYU/0051053/session_1/anat_1/NYU_0051053_brain_seg.nii.gz,1514340.125000
./NYU/0051054/session_1/anat_1/NYU_0051054_brain_seg.nii.gz,1442649.000000
./NYU/0051055/session_1/anat_1/NYU_0051055_brain_seg.nii.gz,1204586.375000
./NYU/0051056/session_1/anat_1/NYU_0051056_brain_seg.nii.gz,1407619.375000
./NYU/0051057/session_1/anat_1/NYU_0051057_brain_seg.nii.gz,1431087.000000
./NYU/0051058/session_1/anat_1/NYU_0051058_brain_seg.nii.gz,1304086.750000
./NYU/0051088/session_1/anat_1/NYU_0051088_brain_seg.nii.gz,1455992.875000
./NYU/0051089/session_1/anat_1/NYU_0051089_brain_seg.nii.gz,1365793.500000
./NYU/0051090/session_1/anat_1/NYU_0051090_brain_seg.nii.gz,1496430.250000
./NYU/0051091/session_1/anat_1/NYU_0051091_brain_seg.nii.gz,1563512.875000
./NYU/0051093/session_1/anat_1/NYU_0051093_brain_seg.nii.gz,1322464.750000
./NYU/0051094/session_1/anat_1/NYU_0051094_brain_seg.nii.gz,1481620.750000
./NYU/0051095/session_1/anat_1/NYU_0051095_brain_seg.nii.gz,1651779.875000
./NYU/0051096/session_1/anat_1/NYU_0051096_brain_seg.nii.gz,1561076.375000
./NYU/0051097/session_1/anat_1/NYU_0051097_brain_seg.nii.gz,1572135.375000
./NYU/0051098/session_1/anat_1/NYU_0051098_brain_seg.nii.gz,1566113.125000
./NYU/0051099/session_1/anat_1/NYU_0051099_brain_seg.nii.gz,1350665.000000
./NYU/0051100/session_1/anat_1/NYU_0051100_brain_seg.nii.gz,1371017.750000
./NYU/0051101/session_1/anat_1/NYU_0051101_brain_seg.nii.gz,1475735.500000
./NYU/0051102/session_1/anat_1/NYU_0051102_brain_seg.nii.gz,1562437.000000
./NYU/0051103/session_1/anat_1/NYU_0051103_brain_seg.nii.gz,1703393.250000
./NYU/0051104/session_1/anat_1/NYU_0051104_brain_seg.nii.gz,1623215.375000
./NYU/0051105/session_1/anat_1/NYU_0051105_brain_seg.nii.gz,1340508.875000
./NYU/0051106/session_1/anat_1/NYU_0051106_brain_seg.nii.gz,1608493.625000
./NYU/0051107/session_1/anat_1/NYU_0051107_brain_seg.nii.gz,1657812.750000
./NYU/0051108/session_1/anat_1/NYU_0051108_brain_seg.nii.gz,1406333.250000
./NYU/0051109/session_1/anat_1/NYU_0051109_brain_seg.nii.gz,1460800.875000
./NYU/0051110/session_1/anat_1/NYU_0051110_brain_seg.nii.gz,1769782.875000
./NYU/0051111/session_1/anat_1/NYU_0051111_brain_seg.nii.gz,1612197.625000
./NYU/0051112/session_1/anat_1/NYU_0051112_brain_seg.nii.gz,1500748.750000
./NYU/0051113/session_1/anat_1/NYU_0051113_brain_seg.nii.gz,1529309.250000
./NYU/0051114/session_1/anat_1/NYU_0051114_brain_seg.nii.gz,1663446.625000
./NYU/0051115/session_1/anat_1/NYU_0051115_brain_seg.nii.gz,1647272.500000
./NYU/0051116/session_1/anat_1/NYU_0051116_brain_seg.nii.gz,1591078.500000
./NYU/0051117/session_1/anat_1/NYU_0051117_brain_seg.nii.gz,1411869.375000
./NYU/0051118/session_1/anat_1/NYU_0051118_brain_seg.nii.gz,1301964.000000
./NYU/0050991/session_1/anat_1/NYU_0050991_brain_seg.nii.gz,1188852.750000
./NYU/0050992/session_1/anat_1/NYU_0050992_brain_seg.nii.gz,1380660.375000
./NYU/0050993/session_1/anat_1/NYU_0050993_brain_seg.nii.gz,1426984.000000
./NYU/0050994/session_1/anat_1/NYU_0050994_brain_seg.nii.gz,1444618.750000
./NYU/0050995/session_1/anat_1/NYU_0050995_brain_seg.nii.gz,1583218.250000
./NYU/0050996/session_1/anat_1/NYU_0050996_brain_seg.nii.gz,1546411.750000
./NYU/0050997/session_1/anat_1/NYU_0050997_brain_seg.nii.gz,1857678.750000
./NYU/0050998/session_1/anat_1/NYU_0050998_brain_seg.nii.gz,1517178.250000
./NYU/0050999/session_1/anat_1/NYU_0050999_brain_seg.nii.gz,1418384.500000
./NYU/0051000/session_1/anat_1/NYU_0051000_brain_seg.nii.gz,1522130.500000
./NYU/0051001/session_1/anat_1/NYU_0051001_brain_seg.nii.gz,1450759.375000
./NYU/0051002/session_1/anat_1/NYU_0051002_brain_seg.nii.gz,1487752.500000
./NYU/0051003/session_1/anat_1/NYU_0051003_brain_seg.nii.gz,1508714.125000
./NYU/0051006/session_1/anat_1/NYU_0051006_brain_seg.nii.gz,1383938.750000
./NYU/0051007/session_1/anat_1/NYU_0051007_brain_seg.nii.gz,1308606.125000
./NYU/0051008/session_1/anat_1/NYU_0051008_brain_seg.nii.gz,1500565.250000
./NYU/0051009/session_1/anat_1/NYU_0051009_brain_seg.nii.gz,1581204.875000
./NYU/0051010/session_1/anat_1/NYU_0051010_brain_seg.nii.gz,1444968.500000
./NYU/0051011/session_1/anat_1/NYU_0051011_brain_seg.nii.gz,1532218.000000
./NYU/0051012/session_1/anat_1/NYU_0051012_brain_seg.nii.gz,1256063.000000
./NYU/0051013/session_1/anat_1/NYU_0051013_brain_seg.nii.gz,1211052.875000
./NYU/0051014/session_1/anat_1/NYU_0051014_brain_seg.nii.gz,1530743.000000
./NYU/0051015/session_1/anat_1/NYU_0051015_brain_seg.nii.gz,1572201.875000
./NYU/0051016/session_1/anat_1/NYU_0051016_brain_seg.nii.gz,1639506.500000
./NYU/0051017/session_1/anat_1/NYU_0051017_brain_seg.nii.gz,1650714.500000
./NYU/0051018/session_1/anat_1/NYU_0051018_brain_seg.nii.gz,1527693.875000
./NYU/0051019/session_1/anat_1/NYU_0051019_brain_seg.nii.gz,1592262.250000
./NYU/0051020/session_1/anat_1/NYU_0051020_brain_seg.nii.gz,1417683.500000
./NYU/0051021/session_1/anat_1/NYU_0051021_brain_seg.nii.gz,1398853.375000
./NYU/0051023/session_1/anat_1/NYU_0051023_brain_seg.nii.gz,1788645.000000
./NYU/0051024/session_1/anat_1/NYU_0051024_brain_seg.nii.gz,1608800.750000
./NYU/0051025/session_1/anat_1/NYU_0051025_brain_seg.nii.gz,1770378.750000
./NYU/0051026/session_1/anat_1/NYU_0051026_brain_seg.nii.gz,1654280.250000
./NYU/0051060/session_1/anat_1/NYU_0051060_brain_seg.nii.gz,1248529.875000
./NYU/0051061/session_1/anat_1/NYU_0051061_brain_seg.nii.gz,1198067.000000
./NYU/0051062/session_1/anat_1/NYU_0051062_brain_seg.nii.gz,1198720.000000
./NYU/0051063/session_1/anat_1/NYU_0051063_brain_seg.nii.gz,1416772.500000
./NYU/0051064/session_1/anat_1/NYU_0051064_brain_seg.nii.gz,1279388.625000
./NYU/0051065/session_1/anat_1/NYU_0051065_brain_seg.nii.gz,1292078.125000
./NYU/0051066/session_1/anat_1/NYU_0051066_brain_seg.nii.gz,1284507.750000
./NYU/0051067/session_1/anat_1/NYU_0051067_brain_seg.nii.gz,1646228.375000
./NYU/0051068/session_1/anat_1/NYU_0051068_brain_seg.nii.gz,1358257.750000
./NYU/0051069/session_1/anat_1/NYU_0051069_brain_seg.nii.gz,1474010.500000
./NYU/0051070/session_1/anat_1/NYU_0051070_brain_seg.nii.gz,1558139.750000
./NYU/0051071/session_1/anat_1/NYU_0051071_brain_seg.nii.gz,1418813.875000
./NYU/0051072/session_1/anat_1/NYU_0051072_brain_seg.nii.gz,1439242.875000
./NYU/0051073/session_1/anat_1/NYU_0051073_brain_seg.nii.gz,1308977.125000
./NYU/0051074/session_1/anat_1/NYU_0051074_brain_seg.nii.gz,1707247.500000
./NYU/0051075/session_1/anat_1/NYU_0051075_brain_seg.nii.gz,1532277.875000
./NYU/0051076/session_1/anat_1/NYU_0051076_brain_seg.nii.gz,1700830.250000
./NYU/0051077/session_1/anat_1/NYU_0051077_brain_seg.nii.gz,1367661.000000
./NYU/0051078/session_1/anat_1/NYU_0051078_brain_seg.nii.gz,1429737.375000
./NYU/0051079/session_1/anat_1/NYU_0051079_brain_seg.nii.gz,1469382.000000
./NYU/0051080/session_1/anat_1/NYU_0051080_brain_seg.nii.gz,1447889.250000
./NYU/0051081/session_1/anat_1/NYU_0051081_brain_seg.nii.gz,1280273.125000
./NYU/0051082/session_1/anat_1/NYU_0051082_brain_seg.nii.gz,1436472.250000
./NYU/0051083/session_1/anat_1/NYU_0051083_brain_seg.nii.gz,1490868.250000
./NYU/0051084/session_1/anat_1/NYU_0051084_brain_seg.nii.gz,1493153.125000
./NYU/0051085/session_1/anat_1/NYU_0051085_brain_seg.nii.gz,1478025.750000
./NYU/0051086/session_1/anat_1/NYU_0051086_brain_seg.nii.gz,1572140.625000
./NYU/0050990/session_1/anat_1/NYU_0050990_brain_seg.nii.gz,1791162.625000
./NYU/0051027/session_1/anat_1/NYU_0051027_brain_seg.nii.gz,1572885.375000
./NYU/0051059/session_1/anat_1/NYU_0051059_brain_seg.nii.gz,1191512.750000
./NYU/0051087/session_1/anat_1/NYU_0051087_brain_seg.nii.gz,1543673.250000
./NYU/0051119/session_1/anat_1/NYU_0051119_brain_seg.nii.gz,1646076.750000
./NYU/0051120/session_1/anat_1/NYU_0051120_brain_seg.nii.gz,1447121.750000
./NYU/0051121/session_1/anat_1/NYU_0051121_brain_seg.nii.gz,1214414.000000
./NYU/0051122/session_1/anat_1/NYU_0051122_brain_seg.nii.gz,1595660.375000
./NYU/0051123/session_1/anat_1/NYU_0051123_brain_seg.nii.gz,1406762.875000
./NYU/0051124/session_1/anat_1/NYU_0051124_brain_seg.nii.gz,1784279.000000
./NYU/0051125/session_1/anat_1/NYU_0051125_brain_seg.nii.gz,1556096.875000
./NYU/0051126/session_1/anat_1/NYU_0051126_brain_seg.nii.gz,1319529.750000
./NYU/0051127/session_1/anat_1/NYU_0051127_brain_seg.nii.gz,1677951.625000
./NYU/0051128/session_1/anat_1/NYU_0051128_brain_seg.nii.gz,1721688.125000
./NYU/0051129/session_1/anat_1/NYU_0051129_brain_seg.nii.gz,1447302.625000
./NYU/0051130/session_1/anat_1/NYU_0051130_brain_seg.nii.gz,1434322.875000
./NYU/0051131/session_1/anat_1/NYU_0051131_brain_seg.nii.gz,1587499.500000
./NYU/0051146/session_1/anat_1/NYU_0051146_brain_seg.nii.gz,1564258.000000
./NYU/0051147/session_1/anat_1/NYU_0051147_brain_seg.nii.gz,1587862.625000
./NYU/0051148/session_1/anat_1/NYU_0051148_brain_seg.nii.gz,1450472.125000
./NYU/0051149/session_1/anat_1/NYU_0051149_brain_seg.nii.gz,1303953.750000
./NYU/0051150/session_1/anat_1/NYU_0051150_brain_seg.nii.gz,1532958.750000
./NYU/0051151/session_1/anat_1/NYU_0051151_brain_seg.nii.gz,1746648.875000
./NYU/0051152/session_1/anat_1/NYU_0051152_brain_seg.nii.gz,1586032.500000
./NYU/0051153/session_1/anat_1/NYU_0051153_brain_seg.nii.gz,1554149.750000
./NYU/0051154/session_1/anat_1/NYU_0051154_brain_seg.nii.gz,1379388.750000
./NYU/0051155/session_1/anat_1/NYU_0051155_brain_seg.nii.gz,1598696.750000
./NYU/0051156/session_1/anat_1/NYU_0051156_brain_seg.nii.gz,1546443.625000
./NYU/0051159/session_1/anat_1/NYU_0051159_brain_seg.nii.gz,1464743.000000
./OHSU/0050142/session_1/anat_1/OHSU_0050142_brain_seg.nii.gz,1656043.375000
./OHSU/0050143/session_1/anat_1/OHSU_0050143_brain_seg.nii.gz,1645991.625000
./OHSU/0050144/session_1/anat_1/OHSU_0050144_brain_seg.nii.gz,1705609.375000
./OHSU/0050145/session_1/anat_1/OHSU_0050145_brain_seg.nii.gz,1447733.125000
./OHSU/0050146/session_1/anat_1/OHSU_0050146_brain_seg.nii.gz,1682940.625000
./OHSU/0050147/session_1/anat_1/OHSU_0050147_brain_seg.nii.gz,1597865.500000
./OHSU/0050148/session_1/anat_1/OHSU_0050148_brain_seg.nii.gz,1689376.750000
./OHSU/0050149/session_1/anat_1/OHSU_0050149_brain_seg.nii.gz,1628180.375000
./OHSU/0050150/session_1/anat_1/OHSU_0050150_brain_seg.nii.gz,1403670.375000
./OHSU/0050152/session_1/anat_1/OHSU_0050152_brain_seg.nii.gz,1498847.875000
./OHSU/0050153/session_1/anat_1/OHSU_0050153_brain_seg.nii.gz,1374442.375000
./OHSU/0050155/session_1/anat_1/OHSU_0050155_brain_seg.nii.gz,1807450.750000
./OHSU/0050156/session_1/anat_1/OHSU_0050156_brain_seg.nii.gz,1627500.625000
./OHSU/0050157/session_1/anat_1/OHSU_0050157_brain_seg.nii.gz,1596760.000000
./OHSU/0050158/session_1/anat_1/OHSU_0050158_brain_seg.nii.gz,1309069.375000
./OHSU/0050159/session_1/anat_1/OHSU_0050159_brain_seg.nii.gz,1454209.875000
./OHSU/0050160/session_1/anat_1/OHSU_0050160_brain_seg.nii.gz,1516924.250000
./OHSU/0050161/session_1/anat_1/OHSU_0050161_brain_seg.nii.gz,1458824.375000
./OHSU/0050162/session_1/anat_1/OHSU_0050162_brain_seg.nii.gz,1359127.000000
./OHSU/0050163/session_1/anat_1/OHSU_0050163_brain_seg.nii.gz,1475035.125000
./OHSU/0050164/session_1/anat_1/OHSU_0050164_brain_seg.nii.gz,1266840.375000
./OHSU/0050165/session_1/anat_1/OHSU_0050165_brain_seg.nii.gz,1405714.250000
./OHSU/0050166/session_1/anat_1/OHSU_0050166_brain_seg.nii.gz,1406005.750000
./OHSU/0050167/session_1/anat_1/OHSU_0050167_brain_seg.nii.gz,1536758.375000
./OHSU/0050168/session_1/anat_1/OHSU_0050168_brain_seg.nii.gz,1482812.125000
./OHSU/0050169/session_1/anat_1/OHSU_0050169_brain_seg.nii.gz,1636066.375000
./OHSU/0050170/session_1/anat_1/OHSU_0050170_brain_seg.nii.gz,1675153.750000
./OHSU/0050171/session_1/anat_1/OHSU_0050171_brain_seg.nii.gz,1630284.750000
./Olin/0050102/session_1/anat_1/Olin_0050102_brain_seg.nii.gz,1481766.000000
./Olin/0050103/session_1/anat_1/Olin_0050103_brain_seg.nii.gz,1436609.000000
./Olin/0050104/session_1/anat_1/Olin_0050104_brain_seg.nii.gz,1690677.000000
./Olin/0050105/session_1/anat_1/Olin_0050105_brain_seg.nii.gz,1373966.000000
./Olin/0050106/session_1/anat_1/Olin_0050106_brain_seg.nii.gz,1465347.000000
./Olin/0050107/session_1/anat_1/Olin_0050107_brain_seg.nii.gz,1699689.000000
./Olin/0050108/session_1/anat_1/Olin_0050108_brain_seg.nii.gz,1452951.000000
./Olin/0050109/session_1/anat_1/Olin_0050109_brain_seg.nii.gz,1356097.000000
./Olin/0050110/session_1/anat_1/Olin_0050110_brain_seg.nii.gz,1391043.000000
./Olin/0050111/session_1/anat_1/Olin_0050111_brain_seg.nii.gz,1497882.000000
./Olin/0050112/session_1/anat_1/Olin_0050112_brain_seg.nii.gz,1392380.000000
./Olin/0050113/session_1/anat_1/Olin_0050113_brain_seg.nii.gz,1275927.000000
./Olin/0050114/session_1/anat_1/Olin_0050114_brain_seg.nii.gz,1426416.000000
./Olin/0050115/session_1/anat_1/Olin_0050115_brain_seg.nii.gz,1260883.000000
./Olin/0050116/session_1/anat_1/Olin_0050116_brain_seg.nii.gz,1498115.000000
./Olin/0050117/session_1/anat_1/Olin_0050117_brain_seg.nii.gz,1540308.000000
./Olin/0050118/session_1/anat_1/Olin_0050118_brain_seg.nii.gz,1726653.000000
./Olin/0050119/session_1/anat_1/Olin_0050119_brain_seg.nii.gz,1360956.000000
./Olin/0050120/session_1/anat_1/Olin_0050120_brain_seg.nii.gz,1340026.000000
./Olin/0050121/session_1/anat_1/Olin_0050121_brain_seg.nii.gz,1697544.000000
./Olin/0050122/session_1/anat_1/Olin_0050122_brain_seg.nii.gz,1448375.375000
./Olin/0050123/session_1/anat_1/Olin_0050123_brain_seg.nii.gz,1581502.000000
./Olin/0050124/session_1/anat_1/Olin_0050124_brain_seg.nii.gz,1402761.000000
./Olin/0050125/session_1/anat_1/Olin_0050125_brain_seg.nii.gz,1363493.000000
./Olin/0050126/session_1/anat_1/Olin_0050126_brain_seg.nii.gz,1369480.000000
./Olin/0050127/session_1/anat_1/Olin_0050127_brain_seg.nii.gz,1375353.000000
./Olin/0050128/session_1/anat_1/Olin_0050128_brain_seg.nii.gz,1408517.000000
./Olin/0050129/session_1/anat_1/Olin_0050129_brain_seg.nii.gz,1200643.000000
./Olin/0050130/session_1/anat_1/Olin_0050130_brain_seg.nii.gz,1522861.000000
./Olin/0050131/session_1/anat_1/Olin_0050131_brain_seg.nii.gz,1732325.000000
./Olin/0050132/session_1/anat_1/Olin_0050132_brain_seg.nii.gz,1893892.000000
./Olin/0050133/session_1/anat_1/Olin_0050133_brain_seg.nii.gz,1456592.000000
./Olin/0050134/session_1/anat_1/Olin_0050134_brain_seg.nii.gz,1451492.000000
./Olin/0050135/session_1/anat_1/Olin_0050135_brain_seg.nii.gz,1635238.000000
./Olin/0050136/session_1/anat_1/Olin_0050136_brain_seg.nii.gz,1677492.000000
./Olin/0050137/session_1/anat_1/Olin_0050137_brain_seg.nii.gz,1690069.000000
./Pitt/0050029/session_1/anat_1/Pitt_0050029_brain_seg.nii.gz,1681635.875000
./Pitt/0050002/session_1/anat_1/Pitt_0050002_brain_seg.nii.gz,1654001.750000
./Pitt/0050003/session_1/anat_1/Pitt_0050003_brain_seg.nii.gz,1566818.750000
./Pitt/0050004/session_1/anat_1/Pitt_0050004_brain_seg.nii.gz,1603843.625000
./Pitt/0050005/session_1/anat_1/Pitt_0050005_brain_seg.nii.gz,1434097.750000
./Pitt/0050006/session_1/anat_1/Pitt_0050006_brain_seg.nii.gz,1520944.500000
./Pitt/0050007/session_1/anat_1/Pitt_0050007_brain_seg.nii.gz,1878676.500000
./Pitt/0050008/session_1/anat_1/Pitt_0050008_brain_seg.nii.gz,1552326.875000
./Pitt/0050009/session_1/anat_1/Pitt_0050009_brain_seg.nii.gz,1702404.625000
./Pitt/0050010/session_1/anat_1/Pitt_0050010_brain_seg.nii.gz,1117105.250000
./Pitt/0050011/session_1/anat_1/Pitt_0050011_brain_seg.nii.gz,1827121.375000
./Pitt/0050012/session_1/anat_1/Pitt_0050012_brain_seg.nii.gz,1521745.625000
./Pitt/0050013/session_1/anat_1/Pitt_0050013_brain_seg.nii.gz,1404068.250000
./Pitt/0050014/session_1/anat_1/Pitt_0050014_brain_seg.nii.gz,1514961.125000
./Pitt/0050015/session_1/anat_1/Pitt_0050015_brain_seg.nii.gz,1522483.000000
./Pitt/0050016/session_1/anat_1/Pitt_0050016_brain_seg.nii.gz,1855017.750000
./Pitt/0050017/session_1/anat_1/Pitt_0050017_brain_seg.nii.gz,1696301.625000
./Pitt/0050019/session_1/anat_1/Pitt_0050019_brain_seg.nii.gz,1847895.875000
./Pitt/0050020/session_1/anat_1/Pitt_0050020_brain_seg.nii.gz,1523562.250000
./Pitt/0050022/session_1/anat_1/Pitt_0050022_brain_seg.nii.gz,1612137.750000
./Pitt/0050023/session_1/anat_1/Pitt_0050023_brain_seg.nii.gz,1590061.375000
./Pitt/0050024/session_1/anat_1/Pitt_0050024_brain_seg.nii.gz,1579025.500000
./Pitt/0050025/session_1/anat_1/Pitt_0050025_brain_seg.nii.gz,1366933.250000
./Pitt/0050026/session_1/anat_1/Pitt_0050026_brain_seg.nii.gz,1666984.125000
./Pitt/0050027/session_1/anat_1/Pitt_0050027_brain_seg.nii.gz,1254195.875000
./Pitt/0050028/session_1/anat_1/Pitt_0050028_brain_seg.nii.gz,1687374.750000
./Pitt/0050030/session_1/anat_1/Pitt_0050030_brain_seg.nii.gz,1631620.500000
./Pitt/0050031/session_1/anat_1/Pitt_0050031_brain_seg.nii.gz,1629995.125000
./Pitt/0050032/session_1/anat_1/Pitt_0050032_brain_seg.nii.gz,1667673.875000
./Pitt/0050033/session_1/anat_1/Pitt_0050033_brain_seg.nii.gz,1454841.875000
./Pitt/0050034/session_1/anat_1/Pitt_0050034_brain_seg.nii.gz,1481356.250000
./Pitt/0050035/session_1/anat_1/Pitt_0050035_brain_seg.nii.gz,1542765.750000
./Pitt/0050036/session_1/anat_1/Pitt_0050036_brain_seg.nii.gz,1427721.250000
./Pitt/0050037/session_1/anat_1/Pitt_0050037_brain_seg.nii.gz,1615338.625000
./Pitt/0050038/session_1/anat_1/Pitt_0050038_brain_seg.nii.gz,1375382.500000
./Pitt/0050039/session_1/anat_1/Pitt_0050039_brain_seg.nii.gz,1529574.750000
./Pitt/0050040/session_1/anat_1/Pitt_0050040_brain_seg.nii.gz,1503712.000000
./Pitt/0050041/session_1/anat_1/Pitt_0050041_brain_seg.nii.gz,1721632.250000
./Pitt/0050042/session_1/anat_1/Pitt_0050042_brain_seg.nii.gz,1463249.500000
./Pitt/0050043/session_1/anat_1/Pitt_0050043_brain_seg.nii.gz,1471221.250000
./Pitt/0050044/session_1/anat_1/Pitt_0050044_brain_seg.nii.gz,1641982.875000
./Pitt/0050045/session_1/anat_1/Pitt_0050045_brain_seg.nii.gz,1797405.125000
./Pitt/0050046/session_1/anat_1/Pitt_0050046_brain_seg.nii.gz,1360138.250000
./Pitt/0050047/session_1/anat_1/Pitt_0050047_brain_seg.nii.gz,1662029.000000
./Pitt/0050048/session_1/anat_1/Pitt_0050048_brain_seg.nii.gz,1429814.000000
./Pitt/0050049/session_1/anat_1/Pitt_0050049_brain_seg.nii.gz,1299184.375000
./Pitt/0050050/session_1/anat_1/Pitt_0050050_brain_seg.nii.gz,1796555.250000
./Pitt/0050051/session_1/anat_1/Pitt_0050051_brain_seg.nii.gz,1671153.000000
./Pitt/0050052/session_1/anat_1/Pitt_0050052_brain_seg.nii.gz,1522905.000000
./Pitt/0050053/session_1/anat_1/Pitt_0050053_brain_seg.nii.gz,1365416.750000
./Pitt/0050054/session_1/anat_1/Pitt_0050054_brain_seg.nii.gz,1491345.250000
./Pitt/0050055/session_1/anat_1/Pitt_0050055_brain_seg.nii.gz,1395821.875000
./Pitt/0050056/session_1/anat_1/Pitt_0050056_brain_seg.nii.gz,1318101.500000
./Pitt/0050057/session_1/anat_1/Pitt_0050057_brain_seg.nii.gz,1276875.000000
./Pitt/0050058/session_1/anat_1/Pitt_0050058_brain_seg.nii.gz,1624504.500000
./Pitt/0050059/session_1/anat_1/Pitt_0050059_brain_seg.nii.gz,1541054.625000
./Pitt/0050060/session_1/anat_1/Pitt_0050060_brain_seg.nii.gz,1761533.625000
./SBL/0051556/session_1/anat_1/SBL_0051556_brain_seg.nii.gz,1631777.000000
./SBL/0051557/session_1/anat_1/SBL_0051557_brain_seg.nii.gz,1534198.000000
./SBL/0051558/session_1/anat_1/SBL_0051558_brain_seg.nii.gz,1549985.000000
./SBL/0051559/session_1/anat_1/SBL_0051559_brain_seg.nii.gz,1585707.000000
./SBL/0051560/session_1/anat_1/SBL_0051560_brain_seg.nii.gz,1604132.000000
./SBL/0051561/session_1/anat_1/SBL_0051561_brain_seg.nii.gz,1706362.000000
./SBL/0051562/session_1/anat_1/SBL_0051562_brain_seg.nii.gz,1423675.000000
./SBL/0051563/session_1/anat_1/SBL_0051563_brain_seg.nii.gz,1628407.000000
./SBL/0051564/session_1/anat_1/SBL_0051564_brain_seg.nii.gz,1564312.000000
./SBL/0051565/session_1/anat_1/SBL_0051565_brain_seg.nii.gz,1476046.000000
./SBL/0051566/session_1/anat_1/SBL_0051566_brain_seg.nii.gz,1607227.000000
./SBL/0051567/session_1/anat_1/SBL_0051567_brain_seg.nii.gz,1557005.000000
./SBL/0051568/session_1/anat_1/SBL_0051568_brain_seg.nii.gz,1491549.000000
./SBL/0051569/session_1/anat_1/SBL_0051569_brain_seg.nii.gz,1536933.000000
./SBL/0051570/session_1/anat_1/SBL_0051570_brain_seg.nii.gz,1489320.000000
./SBL/0051571/session_1/anat_1/SBL_0051571_brain_seg.nii.gz,1678048.000000
./SBL/0051572/session_1/anat_1/SBL_0051572_brain_seg.nii.gz,1558733.000000
./SBL/0051573/session_1/anat_1/SBL_0051573_brain_seg.nii.gz,1531754.000000
./SBL/0051574/session_1/anat_1/SBL_0051574_brain_seg.nii.gz,1422172.000000
./SBL/0051575/session_1/anat_1/SBL_0051575_brain_seg.nii.gz,1820261.000000
./SBL/0051576/session_1/anat_1/SBL_0051576_brain_seg.nii.gz,1610254.000000
./SBL/0051577/session_1/anat_1/SBL_0051577_brain_seg.nii.gz,1682950.000000
./SBL/0051578/session_1/anat_1/SBL_0051578_brain_seg.nii.gz,1664708.000000
./SBL/0051579/session_1/anat_1/SBL_0051579_brain_seg.nii.gz,1535681.000000
./SBL/0051580/session_1/anat_1/SBL_0051580_brain_seg.nii.gz,1666563.000000
./SBL/0051581/session_1/anat_1/SBL_0051581_brain_seg.nii.gz,1503102.000000
./SBL/0051582/session_1/anat_1/SBL_0051582_brain_seg.nii.gz,1565937.000000
./SBL/0051583/session_1/anat_1/SBL_0051583_brain_seg.nii.gz,1781013.000000
./SBL/0051584/session_1/anat_1/SBL_0051584_brain_seg.nii.gz,1609801.000000
./SBL/0051585/session_1/anat_1/SBL_0051585_brain_seg.nii.gz,1526070.000000
./SDSU/0050182/session_1/anat_1/SDSU_0050182_brain_seg.nii.gz,1624231.000000
./SDSU/0050183/session_1/anat_1/SDSU_0050183_brain_seg.nii.gz,1418481.000000
./SDSU/0050184/session_1/anat_1/SDSU_0050184_brain_seg.nii.gz,1802615.000000
./SDSU/0050185/session_1/anat_1/SDSU_0050185_brain_seg.nii.gz,1469081.000000
./SDSU/0050186/session_1/anat_1/SDSU_0050186_brain_seg.nii.gz,1460753.000000
./SDSU/0050187/session_1/anat_1/SDSU_0050187_brain_seg.nii.gz,1569536.000000
./SDSU/0050188/session_1/anat_1/SDSU_0050188_brain_seg.nii.gz,1604753.000000
./SDSU/0050189/session_1/anat_1/SDSU_0050189_brain_seg.nii.gz,1535486.000000
./SDSU/0050190/session_1/anat_1/SDSU_0050190_brain_seg.nii.gz,1482701.000000
./SDSU/0050191/session_1/anat_1/SDSU_0050191_brain_seg.nii.gz,1488162.000000
./SDSU/0050192/session_1/anat_1/SDSU_0050192_brain_seg.nii.gz,1508543.000000
./SDSU/0050193/session_1/anat_1/SDSU_0050193_brain_seg.nii.gz,1424990.000000
./SDSU/0050194/session_1/anat_1/SDSU_0050194_brain_seg.nii.gz,1309957.000000
./SDSU/0050195/session_1/anat_1/SDSU_0050195_brain_seg.nii.gz,1245846.000000
./SDSU/0050196/session_1/anat_1/SDSU_0050196_brain_seg.nii.gz,1376733.000000
./SDSU/0050197/session_1/anat_1/SDSU_0050197_brain_seg.nii.gz,1708384.000000
./SDSU/0050198/session_1/anat_1/SDSU_0050198_brain_seg.nii.gz,1584506.000000
./SDSU/0050199/session_1/anat_1/SDSU_0050199_brain_seg.nii.gz,1369961.000000
./SDSU/0050200/session_1/anat_1/SDSU_0050200_brain_seg.nii.gz,1438430.000000
./SDSU/0050201/session_1/anat_1/SDSU_0050201_brain_seg.nii.gz,1564126.000000
./SDSU/0050202/session_1/anat_1/SDSU_0050202_brain_seg.nii.gz,1347527.000000
./SDSU/0050203/session_1/anat_1/SDSU_0050203_brain_seg.nii.gz,1545360.000000
./SDSU/0050204/session_1/anat_1/SDSU_0050204_brain_seg.nii.gz,1296029.000000
./SDSU/0050205/session_1/anat_1/SDSU_0050205_brain_seg.nii.gz,1376786.000000
./SDSU/0050206/session_1/anat_1/SDSU_0050206_brain_seg.nii.gz,1301235.000000
./SDSU/0050207/session_1/anat_1/SDSU_0050207_brain_seg.nii.gz,1629853.000000
./SDSU/0050208/session_1/anat_1/SDSU_0050208_brain_seg.nii.gz,1297207.000000
./SDSU/0050209/session_1/anat_1/SDSU_0050209_brain_seg.nii.gz,1613924.000000
./SDSU/0050210/session_1/anat_1/SDSU_0050210_brain_seg.nii.gz,1474813.000000
./SDSU/0050211/session_1/anat_1/SDSU_0050211_brain_seg.nii.gz,1572419.000000
./SDSU/0050212/session_1/anat_1/SDSU_0050212_brain_seg.nii.gz,1468767.000000
./SDSU/0050213/session_1/anat_1/SDSU_0050213_brain_seg.nii.gz,1356686.000000
./SDSU/0050214/session_1/anat_1/SDSU_0050214_brain_seg.nii.gz,1436533.000000
./SDSU/0050215/session_1/anat_1/SDSU_0050215_brain_seg.nii.gz,1361766.000000
./SDSU/0050216/session_1/anat_1/SDSU_0050216_brain_seg.nii.gz,1422043.000000
./SDSU/0050217/session_1/anat_1/SDSU_0050217_brain_seg.nii.gz,1378960.000000
./Stanford/0051160/session_1/anat_1/Stanford_0051160_brain_seg.nii.gz,1296305.875000
./Stanford/0051161/session_1/anat_1/Stanford_0051161_brain_seg.nii.gz,1563913.375000
./Stanford/0051162/session_1/anat_1/Stanford_0051162_brain_seg.nii.gz,1192560.000000
./Stanford/0051163/session_1/anat_1/Stanford_0051163_brain_seg.nii.gz,1569856.500000
./Stanford/0051164/session_1/anat_1/Stanford_0051164_brain_seg.nii.gz,1231283.500000
./Stanford/0051165/session_1/anat_1/Stanford_0051165_brain_seg.nii.gz,1363011.125000
./Stanford/0051166/session_1/anat_1/Stanford_0051166_brain_seg.nii.gz,1377375.750000
./Stanford/0051167/session_1/anat_1/Stanford_0051167_brain_seg.nii.gz,1536604.750000
./Stanford/0051168/session_1/anat_1/Stanford_0051168_brain_seg.nii.gz,1483667.000000
./Stanford/0051169/session_1/anat_1/Stanford_0051169_brain_seg.nii.gz,1305828.000000
./Stanford/0051170/session_1/anat_1/Stanford_0051170_brain_seg.nii.gz,1183296.625000
./Stanford/0051171/session_1/anat_1/Stanford_0051171_brain_seg.nii.gz,1430032.250000
./Stanford/0051172/session_1/anat_1/Stanford_0051172_brain_seg.nii.gz,1567580.875000
./Stanford/0051173/session_1/anat_1/Stanford_0051173_brain_seg.nii.gz,1312700.750000
./Stanford/0051174/session_1/anat_1/Stanford_0051174_brain_seg.nii.gz,1337893.625000
./Stanford/0051175/session_1/anat_1/Stanford_0051175_brain_seg.nii.gz,1491054.625000
./Stanford/0051176/session_1/anat_1/Stanford_0051176_brain_seg.nii.gz,1248579.375000
./Stanford/0051177/session_1/anat_1/Stanford_0051177_brain_seg.nii.gz,1461730.000000
./Stanford/0051178/session_1/anat_1/Stanford_0051178_brain_seg.nii.gz,1405939.500000
./Stanford/0051179/session_1/anat_1/Stanford_0051179_brain_seg.nii.gz,1441636.750000
./Stanford/0051180/session_1/anat_1/Stanford_0051180_brain_seg.nii.gz,1364671.500000
./Stanford/0051181/session_1/anat_1/Stanford_0051181_brain_seg.nii.gz,1430552.625000
./Stanford/0051182/session_1/anat_1/Stanford_0051182_brain_seg.nii.gz,1284102.375000
./Stanford/0051183/session_1/anat_1/Stanford_0051183_brain_seg.nii.gz,1281204.125000
./Stanford/0051184/session_1/anat_1/Stanford_0051184_brain_seg.nii.gz,1258984.000000
./Stanford/0051185/session_1/anat_1/Stanford_0051185_brain_seg.nii.gz,1379508.250000
./Stanford/0051186/session_1/anat_1/Stanford_0051186_brain_seg.nii.gz,1221912.000000
./Stanford/0051187/session_1/anat_1/Stanford_0051187_brain_seg.nii.gz,1273634.250000
./Stanford/0051188/session_1/anat_1/Stanford_0051188_brain_seg.nii.gz,1195023.250000
./Stanford/0051189/session_1/anat_1/Stanford_0051189_brain_seg.nii.gz,1394433.625000
./Stanford/0051190/session_1/anat_1/Stanford_0051190_brain_seg.nii.gz,1312287.000000
./Stanford/0051191/session_1/anat_1/Stanford_0051191_brain_seg.nii.gz,1229241.750000
./Stanford/0051192/session_1/anat_1/Stanford_0051192_brain_seg.nii.gz,1277924.375000
./Stanford/0051193/session_1/anat_1/Stanford_0051193_brain_seg.nii.gz,1374216.875000
./Stanford/0051194/session_1/anat_1/Stanford_0051194_brain_seg.nii.gz,1533533.750000
./Stanford/0051195/session_1/anat_1/Stanford_0051195_brain_seg.nii.gz,1352775.750000
./Stanford/0051196/session_1/anat_1/Stanford_0051196_brain_seg.nii.gz,1376900.625000
./Stanford/0051197/session_1/anat_1/Stanford_0051197_brain_seg.nii.gz,1256767.125000
./Stanford/0051198/session_1/anat_1/Stanford_0051198_brain_seg.nii.gz,1292153.625000
./Stanford/0051199/session_1/anat_1/Stanford_0051199_brain_seg.nii.gz,1335050.375000
./Trinity/0050252/session_1/anat_1/Trinity_0050252_brain_seg.nii.gz,1555150.000000
./Trinity/0050232/session_1/anat_1/Trinity_0050232_brain_seg.nii.gz,1723668.000000
./Trinity/0050233/session_1/anat_1/Trinity_0050233_brain_seg.nii.gz,1822479.000000
./Trinity/0050234/session_1/anat_1/Trinity_0050234_brain_seg.nii.gz,1872441.000000
./Trinity/0050235/session_1/anat_1/Trinity_0050235_brain_seg.nii.gz,1537447.000000
./Trinity/0050236/session_1/anat_1/Trinity_0050236_brain_seg.nii.gz,1471587.000000
./Trinity/0050237/session_1/anat_1/Trinity_0050237_brain_seg.nii.gz,1761994.875000
./Trinity/0050238/session_1/anat_1/Trinity_0050238_brain_seg.nii.gz,1579251.000000
./Trinity/0050239/session_1/anat_1/Trinity_0050239_brain_seg.nii.gz,1857029.000000
./Trinity/0050240/session_1/anat_1/Trinity_0050240_brain_seg.nii.gz,1519027.000000
./Trinity/0050241/session_1/anat_1/Trinity_0050241_brain_seg.nii.gz,1654234.000000
./Trinity/0050242/session_1/anat_1/Trinity_0050242_brain_seg.nii.gz,1586981.000000
./Trinity/0050243/session_1/anat_1/Trinity_0050243_brain_seg.nii.gz,1673055.000000
./Trinity/0050244/session_1/anat_1/Trinity_0050244_brain_seg.nii.gz,2010202.000000
./Trinity/0050245/session_1/anat_1/Trinity_0050245_brain_seg.nii.gz,1454932.000000
./Trinity/0050246/session_1/anat_1/Trinity_0050246_brain_seg.nii.gz,1875628.000000
./Trinity/0050247/session_1/anat_1/Trinity_0050247_brain_seg.nii.gz,1476510.000000
./Trinity/0050248/session_1/anat_1/Trinity_0050248_brain_seg.nii.gz,1486902.000000
./Trinity/0050249/session_1/anat_1/Trinity_0050249_brain_seg.nii.gz,1676469.000000
./Trinity/0050250/session_1/anat_1/Trinity_0050250_brain_seg.nii.gz,1433348.000000
./Trinity/0050251/session_1/anat_1/Trinity_0050251_brain_seg.nii.gz,1724523.000000
./Trinity/0050253/session_1/anat_1/Trinity_0050253_brain_seg.nii.gz,1657924.000000
./Trinity/0050254/session_1/anat_1/Trinity_0050254_brain_seg.nii.gz,1446655.000000
./Trinity/0050255/session_1/anat_1/Trinity_0050255_brain_seg.nii.gz,1711505.000000
./Trinity/0050257/session_1/anat_1/Trinity_0050257_brain_seg.nii.gz,1530981.000000
./Trinity/0050259/session_1/anat_1/Trinity_0050259_brain_seg.nii.gz,1683044.000000
./Trinity/0050260/session_1/anat_1/Trinity_0050260_brain_seg.nii.gz,1624724.000000
./Trinity/0050261/session_1/anat_1/Trinity_0050261_brain_seg.nii.gz,1684486.000000
./Trinity/0050262/session_1/anat_1/Trinity_0050262_brain_seg.nii.gz,1654083.000000
./Trinity/0050263/session_1/anat_1/Trinity_0050263_brain_seg.nii.gz,1855805.000000
./Trinity/0050264/session_1/anat_1/Trinity_0050264_brain_seg.nii.gz,1726470.000000
./Trinity/0050265/session_1/anat_1/Trinity_0050265_brain_seg.nii.gz,1396648.000000
./Trinity/0050266/session_1/anat_1/Trinity_0050266_brain_seg.nii.gz,1481841.000000
./Trinity/0050267/session_1/anat_1/Trinity_0050267_brain_seg.nii.gz,1697917.000000
./Trinity/0050268/session_1/anat_1/Trinity_0050268_brain_seg.nii.gz,1609611.000000
./Trinity/0050269/session_1/anat_1/Trinity_0050269_brain_seg.nii.gz,1527981.000000
./Trinity/0050270/session_1/anat_1/Trinity_0050270_brain_seg.nii.gz,1654537.000000
./Trinity/0050271/session_1/anat_1/Trinity_0050271_brain_seg.nii.gz,1615049.000000
./Trinity/0051132/session_1/anat_1/Trinity_0051132_brain_seg.nii.gz,1753565.000000
./Trinity/0051133/session_1/anat_1/Trinity_0051133_brain_seg.nii.gz,1875922.000000
./Trinity/0051134/session_1/anat_1/Trinity_0051134_brain_seg.nii.gz,1446406.000000
./Trinity/0051135/session_1/anat_1/Trinity_0051135_brain_seg.nii.gz,1619624.000000
./Trinity/0051136/session_1/anat_1/Trinity_0051136_brain_seg.nii.gz,1717373.000000
./Trinity/0051137/session_1/anat_1/Trinity_0051137_brain_seg.nii.gz,1748176.000000
./Trinity/0051138/session_1/anat_1/Trinity_0051138_brain_seg.nii.gz,1604595.000000
./Trinity/0051139/session_1/anat_1/Trinity_0051139_brain_seg.nii.gz,1482511.000000
./Trinity/0051140/session_1/anat_1/Trinity_0051140_brain_seg.nii.gz,1745474.000000
./Trinity/0051141/session_1/anat_1/Trinity_0051141_brain_seg.nii.gz,1686800.000000
./Trinity/0051142/session_1/anat_1/Trinity_0051142_brain_seg.nii.gz,1752008.000000
./UCLA_1/0051236/session_1/anat_1/UCLA_1_0051236_brain_seg.nii.gz,1276946.500000
./UCLA_1/0051201/session_1/anat_1/UCLA_1_0051201_brain_seg.nii.gz,1454416.875000
./UCLA_1/0051202/session_1/anat_1/UCLA_1_0051202_brain_seg.nii.gz,1412283.625000
./UCLA_1/0051203/session_1/anat_1/UCLA_1_0051203_brain_seg.nii.gz,1272322.875000
./UCLA_1/0051204/session_1/anat_1/UCLA_1_0051204_brain_seg.nii.gz,1124174.500000
./UCLA_1/0051205/session_1/anat_1/UCLA_1_0051205_brain_seg.nii.gz,1450392.000000
./UCLA_1/0051206/session_1/anat_1/UCLA_1_0051206_brain_seg.nii.gz,1688607.625000
./UCLA_1/0051207/session_1/anat_1/UCLA_1_0051207_brain_seg.nii.gz,1267066.875000
./UCLA_1/0051208/session_1/anat_1/UCLA_1_0051208_brain_seg.nii.gz,1201518.000000
./UCLA_1/0051209/session_1/anat_1/UCLA_1_0051209_brain_seg.nii.gz,1367643.625000
./UCLA_1/0051210/session_1/anat_1/UCLA_1_0051210_brain_seg.nii.gz,1405275.625000
./UCLA_1/0051211/session_1/anat_1/UCLA_1_0051211_brain_seg.nii.gz,1377968.500000
./UCLA_1/0051212/session_1/anat_1/UCLA_1_0051212_brain_seg.nii.gz,1511749.250000
./UCLA_1/0051213/session_1/anat_1/UCLA_1_0051213_brain_seg.nii.gz,1302445.250000
./UCLA_1/0051214/session_1/anat_1/UCLA_1_0051214_brain_seg.nii.gz,1420458.000000
./UCLA_1/0051215/session_1/anat_1/UCLA_1_0051215_brain_seg.nii.gz,1458183.625000
./UCLA_1/0051216/session_1/anat_1/UCLA_1_0051216_brain_seg.nii.gz,1303101.625000
./UCLA_1/0051217/session_1/anat_1/UCLA_1_0051217_brain_seg.nii.gz,1352032.875000
./UCLA_1/0051218/session_1/anat_1/UCLA_1_0051218_brain_seg.nii.gz,1344967.250000
./UCLA_1/0051219/session_1/anat_1/UCLA_1_0051219_brain_seg.nii.gz,1437981.625000
./UCLA_1/0051220/session_1/anat_1/UCLA_1_0051220_brain_seg.nii.gz,1287030.000000
./UCLA_1/0051221/session_1/anat_1/UCLA_1_0051221_brain_seg.nii.gz,1505096.500000
./UCLA_1/0051222/session_1/anat_1/UCLA_1_0051222_brain_seg.nii.gz,1436388.000000
./UCLA_1/0051223/session_1/anat_1/UCLA_1_0051223_brain_seg.nii.gz,1370971.250000
./UCLA_1/0051224/session_1/anat_1/UCLA_1_0051224_brain_seg.nii.gz,1466185.250000
./UCLA_1/0051225/session_1/anat_1/UCLA_1_0051225_brain_seg.nii.gz,1277426.500000
./UCLA_1/0051226/session_1/anat_1/UCLA_1_0051226_brain_seg.nii.gz,1197709.250000
./UCLA_1/0051227/session_1/anat_1/UCLA_1_0051227_brain_seg.nii.gz,1490766.000000
./UCLA_1/0051228/session_1/anat_1/UCLA_1_0051228_brain_seg.nii.gz,1269948.000000
./UCLA_1/0051229/session_1/anat_1/UCLA_1_0051229_brain_seg.nii.gz,1403259.625000
./UCLA_1/0051230/session_1/anat_1/UCLA_1_0051230_brain_seg.nii.gz,1306762.875000
./UCLA_1/0051231/session_1/anat_1/UCLA_1_0051231_brain_seg.nii.gz,1405408.875000
./UCLA_1/0051234/session_1/anat_1/UCLA_1_0051234_brain_seg.nii.gz,1495303.250000
./UCLA_1/0051235/session_1/anat_1/UCLA_1_0051235_brain_seg.nii.gz,1512662.500000
./UCLA_1/0051237/session_1/anat_1/UCLA_1_0051237_brain_seg.nii.gz,1446958.875000
./UCLA_1/0051238/session_1/anat_1/UCLA_1_0051238_brain_seg.nii.gz,1593387.625000
./UCLA_1/0051239/session_1/anat_1/UCLA_1_0051239_brain_seg.nii.gz,1502644.875000
./UCLA_1/0051240/session_1/anat_1/UCLA_1_0051240_brain_seg.nii.gz,1462902.000000
./UCLA_1/0051241/session_1/anat_1/UCLA_1_0051241_brain_seg.nii.gz,1233062.500000
./UCLA_1/0051248/session_1/anat_1/UCLA_1_0051248_brain_seg.nii.gz,1393354.875000
./UCLA_1/0051249/session_1/anat_1/UCLA_1_0051249_brain_seg.nii.gz,1476733.250000
./UCLA_1/0051250/session_1/anat_1/UCLA_1_0051250_brain_seg.nii.gz,1533732.000000
./UCLA_1/0051251/session_1/anat_1/UCLA_1_0051251_brain_seg.nii.gz,1108864.875000
./UCLA_1/0051252/session_1/anat_1/UCLA_1_0051252_brain_seg.nii.gz,1472575.250000
./UCLA_1/0051253/session_1/anat_1/UCLA_1_0051253_brain_seg.nii.gz,1455309.625000
./UCLA_1/0051254/session_1/anat_1/UCLA_1_0051254_brain_seg.nii.gz,1447642.875000
./UCLA_1/0051255/session_1/anat_1/UCLA_1_0051255_brain_seg.nii.gz,1319162.500000
./UCLA_1/0051256/session_1/anat_1/UCLA_1_0051256_brain_seg.nii.gz,1461610.875000
./UCLA_1/0051257/session_1/anat_1/UCLA_1_0051257_brain_seg.nii.gz,1202331.625000
./UCLA_1/0051258/session_1/anat_1/UCLA_1_0051258_brain_seg.nii.gz,1305868.875000
./UCLA_1/0051259/session_1/anat_1/UCLA_1_0051259_brain_seg.nii.gz,1349984.500000
./UCLA_1/0051260/session_1/anat_1/UCLA_1_0051260_brain_seg.nii.gz,1298005.250000
./UCLA_1/0051261/session_1/anat_1/UCLA_1_0051261_brain_seg.nii.gz,1415746.875000
./UCLA_1/0051262/session_1/anat_1/UCLA_1_0051262_brain_seg.nii.gz,1312106.500000
./UCLA_1/0051263/session_1/anat_1/UCLA_1_0051263_brain_seg.nii.gz,1343195.875000
./UCLA_1/0051264/session_1/anat_1/UCLA_1_0051264_brain_seg.nii.gz,1313161.250000
./UCLA_1/0051265/session_1/anat_1/UCLA_1_0051265_brain_seg.nii.gz,1451551.250000
./UCLA_1/0051266/session_1/anat_1/UCLA_1_0051266_brain_seg.nii.gz,1333332.000000
./UCLA_1/0051267/session_1/anat_1/UCLA_1_0051267_brain_seg.nii.gz,1387461.625000
./UCLA_1/0051268/session_1/anat_1/UCLA_1_0051268_brain_seg.nii.gz,1408628.500000
./UCLA_1/0051269/session_1/anat_1/UCLA_1_0051269_brain_seg.nii.gz,1525237.250000
./UCLA_1/0051271/session_1/anat_1/UCLA_1_0051271_brain_seg.nii.gz,1525645.250000
./UCLA_1/0051272/session_1/anat_1/UCLA_1_0051272_brain_seg.nii.gz,1173508.875000
./UCLA_1/0051273/session_1/anat_1/UCLA_1_0051273_brain_seg.nii.gz,1404801.625000
./UCLA_1/0051274/session_1/anat_1/UCLA_1_0051274_brain_seg.nii.gz,1347093.625000
./UCLA_1/0051275/session_1/anat_1/UCLA_1_0051275_brain_seg.nii.gz,1267976.500000
./UCLA_1/0051276/session_1/anat_1/UCLA_1_0051276_brain_seg.nii.gz,1530168.000000
./UCLA_1/0051277/session_1/anat_1/UCLA_1_0051277_brain_seg.nii.gz,1402104.000000
./UCLA_1/0051278/session_1/anat_1/UCLA_1_0051278_brain_seg.nii.gz,1383370.875000
./UCLA_1/0051279/session_1/anat_1/UCLA_1_0051279_brain_seg.nii.gz,1416064.875000
./UCLA_1/0051280/session_1/anat_1/UCLA_1_0051280_brain_seg.nii.gz,1375454.500000
./UCLA_1/0051281/session_1/anat_1/UCLA_1_0051281_brain_seg.nii.gz,1339059.625000
./UCLA_1/0051282/session_1/anat_1/UCLA_1_0051282_brain_seg.nii.gz,1189567.250000
./UCLA_2/0051291/session_1/anat_1/UCLA_2_0051291_brain_seg.nii.gz,1562881.250000
./UCLA_2/0051292/session_1/anat_1/UCLA_2_0051292_brain_seg.nii.gz,1279489.125000
./UCLA_2/0051293/session_1/anat_1/UCLA_2_0051293_brain_seg.nii.gz,1276141.250000
./UCLA_2/0051294/session_1/anat_1/UCLA_2_0051294_brain_seg.nii.gz,1607859.625000
./UCLA_2/0051295/session_1/anat_1/UCLA_2_0051295_brain_seg.nii.gz,1392837.625000
./UCLA_2/0051296/session_1/anat_1/UCLA_2_0051296_brain_seg.nii.gz,1299165.625000
./UCLA_2/0051297/session_1/anat_1/UCLA_2_0051297_brain_seg.nii.gz,1400980.875000
./UCLA_2/0051298/session_1/anat_1/UCLA_2_0051298_brain_seg.nii.gz,1635166.875000
./UCLA_2/0051299/session_1/anat_1/UCLA_2_0051299_brain_seg.nii.gz,1493331.625000
./UCLA_2/0051300/session_1/anat_1/UCLA_2_0051300_brain_seg.nii.gz,1482781.250000
./UCLA_2/0051301/session_1/anat_1/UCLA_2_0051301_brain_seg.nii.gz,1451256.000000
./UCLA_2/0051302/session_1/anat_1/UCLA_2_0051302_brain_seg.nii.gz,1519203.625000
./UCLA_2/0051303/session_1/anat_1/UCLA_2_0051303_brain_seg.nii.gz,1364875.250000
./UCLA_2/0051304/session_1/anat_1/UCLA_2_0051304_brain_seg.nii.gz,1510027.250000
./UCLA_2/0051305/session_1/anat_1/UCLA_2_0051305_brain_seg.nii.gz,1358813.250000
./UCLA_2/0051306/session_1/anat_1/UCLA_2_0051306_brain_seg.nii.gz,1449222.000000
./UCLA_2/0051307/session_1/anat_1/UCLA_2_0051307_brain_seg.nii.gz,1396135.250000
./UCLA_2/0051308/session_1/anat_1/UCLA_2_0051308_brain_seg.nii.gz,1663743.625000
./UCLA_2/0051309/session_1/anat_1/UCLA_2_0051309_brain_seg.nii.gz,1326477.625000
./UCLA_2/0051311/session_1/anat_1/UCLA_2_0051311_brain_seg.nii.gz,1300237.250000
./UCLA_2/0051312/session_1/anat_1/UCLA_2_0051312_brain_seg.nii.gz,1456525.250000
./UCLA_2/0051313/session_1/anat_1/UCLA_2_0051313_brain_seg.nii.gz,1456588.875000
./UCLA_2/0051314/session_1/anat_1/UCLA_2_0051314_brain_seg.nii.gz,1333123.250000
./UCLA_2/0051315/session_1/anat_1/UCLA_2_0051315_brain_seg.nii.gz,1468983.625000
./UCLA_2/0051316/session_1/anat_1/UCLA_2_0051316_brain_seg.nii.gz,1568090.500000
./UCLA_2/0051317/session_1/anat_1/UCLA_2_0051317_brain_seg.nii.gz,1525593.625000
./UM_1/0050301/session_1/anat_1/UM_1_0050301_brain_seg.nii.gz,1524740.875000
./UM_1/0050329/session_1/anat_1/UM_1_0050329_brain_seg.nii.gz,1812689.125000
./UM_1/0050353/session_1/anat_1/UM_1_0050353_brain_seg.nii.gz,1389046.625000
./UM_1/0050272/session_1/anat_1/UM_1_0050272_brain_seg.nii.gz,1251626.500000
./UM_1/0050273/session_1/anat_1/UM_1_0050273_brain_seg.nii.gz,1612403.750000
./UM_1/0050274/session_1/anat_1/UM_1_0050274_brain_seg.nii.gz,1550880.750000
./UM_1/0050275/session_1/anat_1/UM_1_0050275_brain_seg.nii.gz,1396438.875000
./UM_1/0050276/session_1/anat_1/UM_1_0050276_brain_seg.nii.gz,1343202.000000
./UM_1/0050277/session_1/anat_1/UM_1_0050277_brain_seg.nii.gz,1307955.625000
./UM_1/0050278/session_1/anat_1/UM_1_0050278_brain_seg.nii.gz,1909755.375000
./UM_1/0050279/session_1/anat_1/UM_1_0050279_brain_seg.nii.gz,1318944.625000
./UM_1/0050280/session_1/anat_1/UM_1_0050280_brain_seg.nii.gz,1464289.250000
./UM_1/0050281/session_1/anat_1/UM_1_0050281_brain_seg.nii.gz,1487021.125000
./UM_1/0050282/session_1/anat_1/UM_1_0050282_brain_seg.nii.gz,1435622.750000
./UM_1/0050283/session_1/anat_1/UM_1_0050283_brain_seg.nii.gz,1255095.750000
./UM_1/0050284/session_1/anat_1/UM_1_0050284_brain_seg.nii.gz,1215851.000000
./UM_1/0050285/session_1/anat_1/UM_1_0050285_brain_seg.nii.gz,1424137.375000
./UM_1/0050286/session_1/anat_1/UM_1_0050286_brain_seg.nii.gz,1318944.625000
./UM_1/0050287/session_1/anat_1/UM_1_0050287_brain_seg.nii.gz,1668826.625000
./UM_1/0050288/session_1/anat_1/UM_1_0050288_brain_seg.nii.gz,1368651.125000
./UM_1/0050289/session_1/anat_1/UM_1_0050289_brain_seg.nii.gz,1450321.625000
./UM_1/0050290/session_1/anat_1/UM_1_0050290_brain_seg.nii.gz,1462241.125000
./UM_1/0050291/session_1/anat_1/UM_1_0050291_brain_seg.nii.gz,1284957.500000
./UM_1/0050292/session_1/anat_1/UM_1_0050292_brain_seg.nii.gz,1430806.500000
./UM_1/0050293/session_1/anat_1/UM_1_0050293_brain_seg.nii.gz,1564298.375000
./UM_1/0050294/session_1/anat_1/UM_1_0050294_brain_seg.nii.gz,1402206.500000
./UM_1/0050295/session_1/anat_1/UM_1_0050295_brain_seg.nii.gz,1624916.500000
./UM_1/0050296/session_1/anat_1/UM_1_0050296_brain_seg.nii.gz,1389129.250000
./UM_1/0050297/session_1/anat_1/UM_1_0050297_brain_seg.nii.gz,1515670.625000
./UM_1/0050298/session_1/anat_1/UM_1_0050298_brain_seg.nii.gz,1396558.750000
./UM_1/0050299/session_1/anat_1/UM_1_0050299_brain_seg.nii.gz,1235476.125000
./UM_1/0050300/session_1/anat_1/UM_1_0050300_brain_seg.nii.gz,1143097.125000
./UM_1/0050330/session_1/anat_1/UM_1_0050330_brain_seg.nii.gz,1444181.125000
./UM_1/0050331/session_1/anat_1/UM_1_0050331_brain_seg.nii.gz,1488647.500000
./UM_1/0050332/session_1/anat_1/UM_1_0050332_brain_seg.nii.gz,1488942.000000
./UM_1/0050333/session_1/anat_1/UM_1_0050333_brain_seg.nii.gz,1519245.000000
./UM_1/0050334/session_1/anat_1/UM_1_0050334_brain_seg.nii.gz,1424007.750000
./UM_1/0050335/session_1/anat_1/UM_1_0050335_brain_seg.nii.gz,1528540.250000
./UM_1/0050336/session_1/anat_1/UM_1_0050336_brain_seg.nii.gz,1197115.625000
./UM_1/0050337/session_1/anat_1/UM_1_0050337_brain_seg.nii.gz,1512959.250000
./UM_1/0050338/session_1/anat_1/UM_1_0050338_brain_seg.nii.gz,1292345.375000
./UM_1/0050339/session_1/anat_1/UM_1_0050339_brain_seg.nii.gz,1656706.375000
./UM_1/0050340/session_1/anat_1/UM_1_0050340_brain_seg.nii.gz,1314127.875000
./UM_1/0050341/session_1/anat_1/UM_1_0050341_brain_seg.nii.gz,1266367.875000
./UM_1/0050342/session_1/anat_1/UM_1_0050342_brain_seg.nii.gz,1437811.625000
./UM_1/0050343/session_1/anat_1/UM_1_0050343_brain_seg.nii.gz,1090018.625000
./UM_1/0050344/session_1/anat_1/UM_1_0050344_brain_seg.nii.gz,1259136.000000
./UM_1/0050345/session_1/anat_1/UM_1_0050345_brain_seg.nii.gz,1419620.625000
./UM_1/0050346/session_1/anat_1/UM_1_0050346_brain_seg.nii.gz,1598303.625000
./UM_1/0050347/session_1/anat_1/UM_1_0050347_brain_seg.nii.gz,1545594.875000
./UM_1/0050348/session_1/anat_1/UM_1_0050348_brain_seg.nii.gz,1325256.750000
./UM_1/0050349/session_1/anat_1/UM_1_0050349_brain_seg.nii.gz,1629726.625000
./UM_1/0050350/session_1/anat_1/UM_1_0050350_brain_seg.nii.gz,1653291.125000
./UM_1/0050351/session_1/anat_1/UM_1_0050351_brain_seg.nii.gz,1472095.750000
./UM_1/0050352/session_1/anat_1/UM_1_0050352_brain_seg.nii.gz,1580404.375000
./UM_1/0050302/session_1/anat_1/UM_1_0050302_brain_seg.nii.gz,1240045.250000
./UM_1/0050303/session_1/anat_1/UM_1_0050303_brain_seg.nii.gz,1411197.625000
./UM_1/0050304/session_1/anat_1/UM_1_0050304_brain_seg.nii.gz,1553344.375000
./UM_1/0050305/session_1/anat_1/UM_1_0050305_brain_seg.nii.gz,1428470.875000
./UM_1/0050306/session_1/anat_1/UM_1_0050306_brain_seg.nii.gz,1478883.000000
./UM_1/0050307/session_1/anat_1/UM_1_0050307_brain_seg.nii.gz,1228251.125000
./UM_1/0050308/session_1/anat_1/UM_1_0050308_brain_seg.nii.gz,1395434.500000
./UM_1/0050309/session_1/anat_1/UM_1_0050309_brain_seg.nii.gz,1045302.187500
./UM_1/0050310/session_1/anat_1/UM_1_0050310_brain_seg.nii.gz,1528140.625000
./UM_1/0050311/session_1/anat_1/UM_1_0050311_brain_seg.nii.gz,1452563.000000
./UM_1/0050312/session_1/anat_1/UM_1_0050312_brain_seg.nii.gz,1485963.250000
./UM_1/0050313/session_1/anat_1/UM_1_0050313_brain_seg.nii.gz,1198117.375000
./UM_1/0050314/session_1/anat_1/UM_1_0050314_brain_seg.nii.gz,1535984.500000
./UM_1/0050315/session_1/anat_1/UM_1_0050315_brain_seg.nii.gz,1522900.000000
./UM_1/0050316/session_1/anat_1/UM_1_0050316_brain_seg.nii.gz,1399534.125000
./UM_1/0050317/session_1/anat_1/UM_1_0050317_brain_seg.nii.gz,1539952.750000
./UM_1/0050318/session_1/anat_1/UM_1_0050318_brain_seg.nii.gz,1399035.250000
./UM_1/0050319/session_1/anat_1/UM_1_0050319_brain_seg.nii.gz,1398989.500000
./UM_1/0050320/session_1/anat_1/UM_1_0050320_brain_seg.nii.gz,1451596.375000
./UM_1/0050321/session_1/anat_1/UM_1_0050321_brain_seg.nii.gz,1613275.250000
./UM_1/0050322/session_1/anat_1/UM_1_0050322_brain_seg.nii.gz,1510608.625000
./UM_1/0050323/session_1/anat_1/UM_1_0050323_brain_seg.nii.gz,1561895.000000
./UM_1/0050324/session_1/anat_1/UM_1_0050324_brain_seg.nii.gz,1604078.500000
./UM_1/0050325/session_1/anat_1/UM_1_0050325_brain_seg.nii.gz,1455153.625000
./UM_1/0050326/session_1/anat_1/UM_1_0050326_brain_seg.nii.gz,1495889.000000
./UM_1/0050327/session_1/anat_1/UM_1_0050327_brain_seg.nii.gz,1315057.750000
./UM_1/0050328/session_1/anat_1/UM_1_0050328_brain_seg.nii.gz,1503679.750000
./UM_1/0050354/session_1/anat_1/UM_1_0050354_brain_seg.nii.gz,1391432.250000
./UM_1/0050355/session_1/anat_1/UM_1_0050355_brain_seg.nii.gz,1417040.125000
./UM_1/0050356/session_1/anat_1/UM_1_0050356_brain_seg.nii.gz,1286306.750000
./UM_1/0050357/session_1/anat_1/UM_1_0050357_brain_seg.nii.gz,1383946.500000
./UM_1/0050358/session_1/anat_1/UM_1_0050358_brain_seg.nii.gz,1488519.000000
./UM_1/0050359/session_1/anat_1/UM_1_0050359_brain_seg.nii.gz,1161044.625000
./UM_1/0050360/session_1/anat_1/UM_1_0050360_brain_seg.nii.gz,1394690.125000
./UM_1/0050361/session_1/anat_1/UM_1_0050361_brain_seg.nii.gz,1354152.000000
./UM_1/0050362/session_1/anat_1/UM_1_0050362_brain_seg.nii.gz,1339644.000000
./UM_1/0050363/session_1/anat_1/UM_1_0050363_brain_seg.nii.gz,1703546.625000
./UM_1/0050364/session_1/anat_1/UM_1_0050364_brain_seg.nii.gz,1352664.250000
./UM_1/0050365/session_1/anat_1/UM_1_0050365_brain_seg.nii.gz,1183405.125000
./UM_1/0050366/session_1/anat_1/UM_1_0050366_brain_seg.nii.gz,1435810.875000
./UM_1/0050367/session_1/anat_1/UM_1_0050367_brain_seg.nii.gz,1383704.125000
./UM_1/0050368/session_1/anat_1/UM_1_0050368_brain_seg.nii.gz,1669465.875000
./UM_1/0050369/session_1/anat_1/UM_1_0050369_brain_seg.nii.gz,1236987.375000
./UM_1/0050370/session_1/anat_1/UM_1_0050370_brain_seg.nii.gz,1420535.500000
./UM_1/0050371/session_1/anat_1/UM_1_0050371_brain_seg.nii.gz,1593614.375000
./UM_1/0050372/session_1/anat_1/UM_1_0050372_brain_seg.nii.gz,1541023.500000
./UM_1/0050373/session_1/anat_1/UM_1_0050373_brain_seg.nii.gz,1477962.250000
./UM_1/0050374/session_1/anat_1/UM_1_0050374_brain_seg.nii.gz,1283425.250000
./UM_1/0050375/session_1/anat_1/UM_1_0050375_brain_seg.nii.gz,1210602.750000
./UM_1/0050376/session_1/anat_1/UM_1_0050376_brain_seg.nii.gz,1276690.375000
./UM_1/0050377/session_1/anat_1/UM_1_0050377_brain_seg.nii.gz,1649419.750000
./UM_1/0050378/session_1/anat_1/UM_1_0050378_brain_seg.nii.gz,1434453.000000
./UM_1/0050379/session_1/anat_1/UM_1_0050379_brain_seg.nii.gz,1415297.125000
./UM_1/0050380/session_1/anat_1/UM_1_0050380_brain_seg.nii.gz,1505518.875000
./UM_1/0050381/session_1/anat_1/UM_1_0050381_brain_seg.nii.gz,1569540.750000
./UM_2/0050382/session_1/anat_1/UM_2_0050382_brain_seg.nii.gz,1527766.875000
./UM_2/0050383/session_1/anat_1/UM_2_0050383_brain_seg.nii.gz,1482529.750000
./UM_2/0050385/session_1/anat_1/UM_2_0050385_brain_seg.nii.gz,1416533.750000
./UM_2/0050386/session_1/anat_1/UM_2_0050386_brain_seg.nii.gz,1619835.500000
./UM_2/0050387/session_1/anat_1/UM_2_0050387_brain_seg.nii.gz,1430786.750000
./UM_2/0050388/session_1/anat_1/UM_2_0050388_brain_seg.nii.gz,1533762.625000
./UM_2/0050390/session_1/anat_1/UM_2_0050390_brain_seg.nii.gz,1430744.750000
./UM_2/0050391/session_1/anat_1/UM_2_0050391_brain_seg.nii.gz,1514891.500000
./UM_2/0050397/session_1/anat_1/UM_2_0050397_brain_seg.nii.gz,1368458.125000
./UM_2/0050399/session_1/anat_1/UM_2_0050399_brain_seg.nii.gz,1409238.250000
./UM_2/0050402/session_1/anat_1/UM_2_0050402_brain_seg.nii.gz,1349322.750000
./UM_2/0050403/session_1/anat_1/UM_2_0050403_brain_seg.nii.gz,1685222.000000
./UM_2/0050404/session_1/anat_1/UM_2_0050404_brain_seg.nii.gz,963621.937500
./UM_2/0050405/session_1/anat_1/UM_2_0050405_brain_seg.nii.gz,1502786.625000
./UM_2/0050406/session_1/anat_1/UM_2_0050406_brain_seg.nii.gz,1577731.375000
./UM_2/0050407/session_1/anat_1/UM_2_0050407_brain_seg.nii.gz,1264614.375000
./UM_2/0050408/session_1/anat_1/UM_2_0050408_brain_seg.nii.gz,1539325.125000
./UM_2/0050410/session_1/anat_1/UM_2_0050410_brain_seg.nii.gz,1544627.000000
./UM_2/0050411/session_1/anat_1/UM_2_0050411_brain_seg.nii.gz,1742893.625000
./UM_2/0050412/session_1/anat_1/UM_2_0050412_brain_seg.nii.gz,1450061.125000
./UM_2/0050413/session_1/anat_1/UM_2_0050413_brain_seg.nii.gz,1483937.000000
./UM_2/0050414/session_1/anat_1/UM_2_0050414_brain_seg.nii.gz,1438358.625000
./UM_2/0050415/session_1/anat_1/UM_2_0050415_brain_seg.nii.gz,1392220.125000
./UM_2/0050416/session_1/anat_1/UM_2_0050416_brain_seg.nii.gz,1563555.000000
./UM_2/0050417/session_1/anat_1/UM_2_0050417_brain_seg.nii.gz,1352899.750000
./UM_2/0050418/session_1/anat_1/UM_2_0050418_brain_seg.nii.gz,1446620.000000
./UM_2/0050419/session_1/anat_1/UM_2_0050419_brain_seg.nii.gz,1260992.625000
./UM_2/0050421/session_1/anat_1/UM_2_0050421_brain_seg.nii.gz,1518273.375000
./UM_2/0050422/session_1/anat_1/UM_2_0050422_brain_seg.nii.gz,1471169.000000
./UM_2/0050423/session_1/anat_1/UM_2_0050423_brain_seg.nii.gz,1479975.000000
./UM_2/0050424/session_1/anat_1/UM_2_0050424_brain_seg.nii.gz,1505512.375000
./UM_2/0050425/session_1/anat_1/UM_2_0050425_brain_seg.nii.gz,1465094.375000
./UM_2/0050426/session_1/anat_1/UM_2_0050426_brain_seg.nii.gz,1373754.000000
./UM_2/0050427/session_1/anat_1/UM_2_0050427_brain_seg.nii.gz,1430046.750000
./UM_2/0050428/session_1/anat_1/UM_2_0050428_brain_seg.nii.gz,1230369.000000
./USM/0050456/session_1/anat_1/USM_0050456_brain_seg.nii.gz,1691026.750000
./USM/0050479/session_1/anat_1/USM_0050479_brain_seg.nii.gz,1772751.125000
./USM/0050506/session_1/anat_1/USM_0050506_brain_seg.nii.gz,1588993.250000
./USM/0050432/session_1/anat_1/USM_0050432_brain_seg.nii.gz,2185349.250000
./USM/0050433/session_1/anat_1/USM_0050433_brain_seg.nii.gz,1571530.250000
./USM/0050434/session_1/anat_1/USM_0050434_brain_seg.nii.gz,1367607.375000
./USM/0050435/session_1/anat_1/USM_0050435_brain_seg.nii.gz,1674462.375000
./USM/0050436/session_1/anat_1/USM_0050436_brain_seg.nii.gz,1570350.250000
./USM/0050437/session_1/anat_1/USM_0050437_brain_seg.nii.gz,1616497.250000
./USM/0050438/session_1/anat_1/USM_0050438_brain_seg.nii.gz,1598917.000000
./USM/0050439/session_1/anat_1/USM_0050439_brain_seg.nii.gz,1744348.625000
./USM/0050440/session_1/anat_1/USM_0050440_brain_seg.nii.gz,1603261.250000
./USM/0050441/session_1/anat_1/USM_0050441_brain_seg.nii.gz,1686111.375000
./USM/0050442/session_1/anat_1/USM_0050442_brain_seg.nii.gz,1673027.750000
./USM/0050443/session_1/anat_1/USM_0050443_brain_seg.nii.gz,1730898.750000
./USM/0050444/session_1/anat_1/USM_0050444_brain_seg.nii.gz,1408103.125000
./USM/0050445/session_1/anat_1/USM_0050445_brain_seg.nii.gz,1532498.750000
./USM/0050446/session_1/anat_1/USM_0050446_brain_seg.nii.gz,1759114.625000
./USM/0050447/session_1/anat_1/USM_0050447_brain_seg.nii.gz,1686846.125000
./USM/0050448/session_1/anat_1/USM_0050448_brain_seg.nii.gz,1715053.250000
./USM/0050449/session_1/anat_1/USM_0050449_brain_seg.nii.gz,1587752.250000
./USM/0050450/session_1/anat_1/USM_0050450_brain_seg.nii.gz,1724951.500000
./USM/0050451/session_1/anat_1/USM_0050451_brain_seg.nii.gz,1451425.500000
./USM/0050452/session_1/anat_1/USM_0050452_brain_seg.nii.gz,1649008.875000
./USM/0050453/session_1/anat_1/USM_0050453_brain_seg.nii.gz,1488702.250000
./USM/0050454/session_1/anat_1/USM_0050454_brain_seg.nii.gz,1500522.000000
./USM/0050455/session_1/anat_1/USM_0050455_brain_seg.nii.gz,1730057.250000
./USM/0050480/session_1/anat_1/USM_0050480_brain_seg.nii.gz,1760781.750000
./USM/0050481/session_1/anat_1/USM_0050481_brain_seg.nii.gz,1514999.500000
./USM/0050482/session_1/anat_1/USM_0050482_brain_seg.nii.gz,1340247.625000
./USM/0050483/session_1/anat_1/USM_0050483_brain_seg.nii.gz,1444367.750000
./USM/0050484/session_1/anat_1/USM_0050484_brain_seg.nii.gz,1732310.125000
./USM/0050485/session_1/anat_1/USM_0050485_brain_seg.nii.gz,1706991.125000
./USM/0050486/session_1/anat_1/USM_0050486_brain_seg.nii.gz,1528434.625000
./USM/0050487/session_1/anat_1/USM_0050487_brain_seg.nii.gz,1596054.000000
./USM/0050488/session_1/anat_1/USM_0050488_brain_seg.nii.gz,1669858.625000
./USM/0050489/session_1/anat_1/USM_0050489_brain_seg.nii.gz,2024151.125000
./USM/0050490/session_1/anat_1/USM_0050490_brain_seg.nii.gz,1656311.500000
./USM/0050491/session_1/anat_1/USM_0050491_brain_seg.nii.gz,1744665.375000
./USM/0050492/session_1/anat_1/USM_0050492_brain_seg.nii.gz,1624481.125000
./USM/0050493/session_1/anat_1/USM_0050493_brain_seg.nii.gz,1694357.875000
./USM/0050494/session_1/anat_1/USM_0050494_brain_seg.nii.gz,1560860.750000
./USM/0050495/session_1/anat_1/USM_0050495_brain_seg.nii.gz,1559058.625000
./USM/0050496/session_1/anat_1/USM_0050496_brain_seg.nii.gz,1591188.625000
./USM/0050497/session_1/anat_1/USM_0050497_brain_seg.nii.gz,1491890.500000
./USM/0050498/session_1/anat_1/USM_0050498_brain_seg.nii.gz,1553765.125000
./USM/0050499/session_1/anat_1/USM_0050499_brain_seg.nii.gz,1610641.625000
./USM/0050500/session_1/anat_1/USM_0050500_brain_seg.nii.gz,1815365.500000
./USM/0050501/session_1/anat_1/USM_0050501_brain_seg.nii.gz,1553111.125000
./USM/0050502/session_1/anat_1/USM_0050502_brain_seg.nii.gz,1687213.250000
./USM/0050503/session_1/anat_1/USM_0050503_brain_seg.nii.gz,1194137.500000
./USM/0050504/session_1/anat_1/USM_0050504_brain_seg.nii.gz,1761574.250000
./USM/0050505/session_1/anat_1/USM_0050505_brain_seg.nii.gz,1627153.000000
./USM/0050507/session_1/anat_1/USM_0050507_brain_seg.nii.gz,1355779.875000
./USM/0050508/session_1/anat_1/USM_0050508_brain_seg.nii.gz,1473811.000000
./USM/0050509/session_1/anat_1/USM_0050509_brain_seg.nii.gz,1894909.625000
./USM/0050510/session_1/anat_1/USM_0050510_brain_seg.nii.gz,1444254.000000
./USM/0050511/session_1/anat_1/USM_0050511_brain_seg.nii.gz,1907735.250000
./USM/0050512/session_1/anat_1/USM_0050512_brain_seg.nii.gz,1767702.750000
./USM/0050513/session_1/anat_1/USM_0050513_brain_seg.nii.gz,1492903.875000
./USM/0050514/session_1/anat_1/USM_0050514_brain_seg.nii.gz,1377413.500000
./USM/0050515/session_1/anat_1/USM_0050515_brain_seg.nii.gz,1559757.250000
./USM/0050516/session_1/anat_1/USM_0050516_brain_seg.nii.gz,1640348.250000
./USM/0050517/session_1/anat_1/USM_0050517_brain_seg.nii.gz,1758235.750000
./USM/0050518/session_1/anat_1/USM_0050518_brain_seg.nii.gz,1629593.625000
./USM/0050519/session_1/anat_1/USM_0050519_brain_seg.nii.gz,1594187.125000
./USM/0050520/session_1/anat_1/USM_0050520_brain_seg.nii.gz,1565637.250000
./USM/0050521/session_1/anat_1/USM_0050521_brain_seg.nii.gz,1466176.125000
./USM/0050522/session_1/anat_1/USM_0050522_brain_seg.nii.gz,1491876.000000
./USM/0050523/session_1/anat_1/USM_0050523_brain_seg.nii.gz,1723151.250000
./USM/0050524/session_1/anat_1/USM_0050524_brain_seg.nii.gz,1565358.750000
./USM/0050525/session_1/anat_1/USM_0050525_brain_seg.nii.gz,1751645.625000
./USM/0050526/session_1/anat_1/USM_0050526_brain_seg.nii.gz,1663527.750000
./USM/0050527/session_1/anat_1/USM_0050527_brain_seg.nii.gz,1647392.125000
./USM/0050528/session_1/anat_1/USM_0050528_brain_seg.nii.gz,1729362.375000
./USM/0050529/session_1/anat_1/USM_0050529_brain_seg.nii.gz,1632581.750000
./USM/0050530/session_1/anat_1/USM_0050530_brain_seg.nii.gz,1580241.125000
./USM/0050531/session_1/anat_1/USM_0050531_brain_seg.nii.gz,1401896.625000
./USM/0050532/session_1/anat_1/USM_0050532_brain_seg.nii.gz,1374699.000000
./USM/0050457/session_1/anat_1/USM_0050457_brain_seg.nii.gz,1651842.625000
./USM/0050458/session_1/anat_1/USM_0050458_brain_seg.nii.gz,1530500.125000
./USM/0050459/session_1/anat_1/USM_0050459_brain_seg.nii.gz,1461323.750000
./USM/0050460/session_1/anat_1/USM_0050460_brain_seg.nii.gz,1769387.750000
./USM/0050461/session_1/anat_1/USM_0050461_brain_seg.nii.gz,1433084.125000
./USM/0050462/session_1/anat_1/USM_0050462_brain_seg.nii.gz,1623720.125000
./USM/0050463/session_1/anat_1/USM_0050463_brain_seg.nii.gz,1639845.625000
./USM/0050464/session_1/anat_1/USM_0050464_brain_seg.nii.gz,1562607.625000
./USM/0050465/session_1/anat_1/USM_0050465_brain_seg.nii.gz,1509682.000000
./USM/0050466/session_1/anat_1/USM_0050466_brain_seg.nii.gz,1431391.875000
./USM/0050467/session_1/anat_1/USM_0050467_brain_seg.nii.gz,1487386.250000
./USM/0050468/session_1/anat_1/USM_0050468_brain_seg.nii.gz,1720330.625000
./USM/0050469/session_1/anat_1/USM_0050469_brain_seg.nii.gz,1616945.750000
./USM/0050470/session_1/anat_1/USM_0050470_brain_seg.nii.gz,1462839.500000
./USM/0050471/session_1/anat_1/USM_0050471_brain_seg.nii.gz,1632359.000000
./USM/0050472/session_1/anat_1/USM_0050472_brain_seg.nii.gz,1435919.000000
./USM/0050473/session_1/anat_1/USM_0050473_brain_seg.nii.gz,1714883.250000
./USM/0050474/session_1/anat_1/USM_0050474_brain_seg.nii.gz,1477394.250000
./USM/0050475/session_1/anat_1/USM_0050475_brain_seg.nii.gz,1603093.250000
./USM/0050476/session_1/anat_1/USM_0050476_brain_seg.nii.gz,1412696.875000
./USM/0050477/session_1/anat_1/USM_0050477_brain_seg.nii.gz,1434464.500000
./USM/0050478/session_1/anat_1/USM_0050478_brain_seg.nii.gz,1549501.000000
./Yale/0050604/session_1/anat_1/Yale_0050604_brain_seg.nii.gz,1298739.000000
./Yale/0050551/session_1/anat_1/Yale_0050551_brain_seg.nii.gz,1454577.000000
./Yale/0050552/session_1/anat_1/Yale_0050552_brain_seg.nii.gz,1554173.000000
./Yale/0050553/session_1/anat_1/Yale_0050553_brain_seg.nii.gz,1289344.000000
./Yale/0050554/session_1/anat_1/Yale_0050554_brain_seg.nii.gz,1310098.000000
./Yale/0050555/session_1/anat_1/Yale_0050555_brain_seg.nii.gz,1700795.000000
./Yale/0050556/session_1/anat_1/Yale_0050556_brain_seg.nii.gz,1350399.000000
./Yale/0050557/session_1/anat_1/Yale_0050557_brain_seg.nii.gz,1564045.000000
./Yale/0050558/session_1/anat_1/Yale_0050558_brain_seg.nii.gz,1200943.000000
./Yale/0050559/session_1/anat_1/Yale_0050559_brain_seg.nii.gz,1419377.000000
./Yale/0050560/session_1/anat_1/Yale_0050560_brain_seg.nii.gz,1395206.000000
./Yale/0050561/session_1/anat_1/Yale_0050561_brain_seg.nii.gz,1519416.000000
./Yale/0050562/session_1/anat_1/Yale_0050562_brain_seg.nii.gz,1567658.000000
./Yale/0050563/session_1/anat_1/Yale_0050563_brain_seg.nii.gz,1226660.000000
./Yale/0050564/session_1/anat_1/Yale_0050564_brain_seg.nii.gz,1215073.000000
./Yale/0050565/session_1/anat_1/Yale_0050565_brain_seg.nii.gz,1316420.000000
./Yale/0050566/session_1/anat_1/Yale_0050566_brain_seg.nii.gz,1308187.000000
./Yale/0050567/session_1/anat_1/Yale_0050567_brain_seg.nii.gz,1354357.000000
./Yale/0050568/session_1/anat_1/Yale_0050568_brain_seg.nii.gz,1327821.000000
./Yale/0050569/session_1/anat_1/Yale_0050569_brain_seg.nii.gz,1259551.000000
./Yale/0050570/session_1/anat_1/Yale_0050570_brain_seg.nii.gz,1527700.000000
./Yale/0050571/session_1/anat_1/Yale_0050571_brain_seg.nii.gz,1346876.000000
./Yale/0050572/session_1/anat_1/Yale_0050572_brain_seg.nii.gz,1425860.000000
./Yale/0050573/session_1/anat_1/Yale_0050573_brain_seg.nii.gz,1456428.000000
./Yale/0050574/session_1/anat_1/Yale_0050574_brain_seg.nii.gz,1494867.000000
./Yale/0050575/session_1/anat_1/Yale_0050575_brain_seg.nii.gz,1583722.000000
./Yale/0050576/session_1/anat_1/Yale_0050576_brain_seg.nii.gz,1252273.000000
./Yale/0050577/session_1/anat_1/Yale_0050577_brain_seg.nii.gz,1300910.000000
./Yale/0050578/session_1/anat_1/Yale_0050578_brain_seg.nii.gz,1456741.000000
./Yale/0050601/session_1/anat_1/Yale_0050601_brain_seg.nii.gz,1419106.000000
./Yale/0050602/session_1/anat_1/Yale_0050602_brain_seg.nii.gz,1400565.000000
./Yale/0050603/session_1/anat_1/Yale_0050603_brain_seg.nii.gz,1553225.000000
./Yale/0050605/session_1/anat_1/Yale_0050605_brain_seg.nii.gz,1684577.000000
./Yale/0050606/session_1/anat_1/Yale_0050606_brain_seg.nii.gz,1656090.000000
./Yale/0050607/session_1/anat_1/Yale_0050607_brain_seg.nii.gz,1620215.000000
./Yale/0050608/session_1/anat_1/Yale_0050608_brain_seg.nii.gz,1751569.000000
./Yale/0050609/session_1/anat_1/Yale_0050609_brain_seg.nii.gz,1405316.000000
./Yale/0050610/session_1/anat_1/Yale_0050610_brain_seg.nii.gz,1418667.000000
./Yale/0050611/session_1/anat_1/Yale_0050611_brain_seg.nii.gz,1550047.000000
./Yale/0050612/session_1/anat_1/Yale_0050612_brain_seg.nii.gz,1564774.000000
./Yale/0050613/session_1/anat_1/Yale_0050613_brain_seg.nii.gz,1607704.000000
./Yale/0050614/session_1/anat_1/Yale_0050614_brain_seg.nii.gz,1324205.000000
./Yale/0050615/session_1/anat_1/Yale_0050615_brain_seg.nii.gz,1192171.000000
./Yale/0050616/session_1/anat_1/Yale_0050616_brain_seg.nii.gz,1488763.000000
./Yale/0050617/session_1/anat_1/Yale_0050617_brain_seg.nii.gz,1129238.000000
./Yale/0050618/session_1/anat_1/Yale_0050618_brain_seg.nii.gz,1351345.000000
./Yale/0050619/session_1/anat_1/Yale_0050619_brain_seg.nii.gz,1593333.000000
./Yale/0050620/session_1/anat_1/Yale_0050620_brain_seg.nii.gz,1215275.000000
./Yale/0050621/session_1/anat_1/Yale_0050621_brain_seg.nii.gz,1283489.000000
./Yale/0050622/session_1/anat_1/Yale_0050622_brain_seg.nii.gz,1423977.000000
./Yale/0050623/session_1/anat_1/Yale_0050623_brain_seg.nii.gz,1467889.000000
./Yale/0050624/session_1/anat_1/Yale_0050624_brain_seg.nii.gz,1185621.000000
./Yale/0050625/session_1/anat_1/Yale_0050625_brain_seg.nii.gz,1344032.000000
./Yale/0050626/session_1/anat_1/Yale_0050626_brain_seg.nii.gz,1676454.000000
./Yale/0050627/session_1/anat_1/Yale_0050627_brain_seg.nii.gz,1286756.000000
./Yale/0050628/session_1/anat_1/Yale_0050628_brain_seg.nii.gz,1348166.000000
